1,2016-01-22-46,5.1866408479
2,2016-01-22-46,1.0
3,2016-01-22-46,1.0
4,2016-01-22-46,2.86346200459
5,2016-01-22-46,1.0
6,2016-01-22-46,4.2899432998
7,2016-01-22-46,26.0282323045
8,2016-01-22-46,92.5191844004
9,2016-01-22-46,1.0
10,2016-01-22-46,1.0
11,2016-01-22-46,1.16866950742
12,2016-01-22-46,5.22949699646
13,2016-01-22-46,1.0
14,2016-01-22-46,43.2514484553
15,2016-01-22-46,1.0
16,2016-01-22-46,1.0
17,2016-01-22-46,1.0
18,2016-01-22-46,1.0
19,2016-01-22-46,1.36586228246
20,2016-01-22-46,2.0751745217
21,2016-01-22-46,2.40598661695
22,2016-01-22-46,3.70191994038
23,2016-01-22-46,79.1321922296
24,2016-01-22-46,40.019341171
25,2016-01-22-46,1.0
26,2016-01-22-46,1.86909377363
27,2016-01-22-46,6.06702981479
28,2016-01-22-46,5.27953532821
29,2016-01-22-46,1.20196596993
30,2016-01-22-46,1.0
31,2016-01-22-46,1.97256312092
32,2016-01-22-46,1.0
33,2016-01-22-46,1.0
34,2016-01-22-46,1.0
35,2016-01-22-46,1.0
36,2016-01-22-46,1.00175620035
37,2016-01-22-46,87.97190424
38,2016-01-22-46,1.97973110513
39,2016-01-22-46,1.0
40,2016-01-22-46,1.0
41,2016-01-22-46,1.0
42,2016-01-22-46,3.44514214509
43,2016-01-22-46,1.0
44,2016-01-22-46,1.0
45,2016-01-22-46,1.0
46,2016-01-22-46,39.9603520139
47,2016-01-22-46,1.0
48,2016-01-22-46,17.9113812061
49,2016-01-22-46,1.0
50,2016-01-22-46,1.0
51,2016-01-22-46,17.7758750838
52,2016-01-22-46,1.0
53,2016-01-22-46,1.0
54,2016-01-22-46,1.0
55,2016-01-22-46,1.0
56,2016-01-22-46,1.0
57,2016-01-22-46,1.0
58,2016-01-22-46,1.0
59,2016-01-22-46,1.02220652707
60,2016-01-22-46,1.0
61,2016-01-22-46,1.0
62,2016-01-22-46,1.0
63,2016-01-22-46,1.0
64,2016-01-22-46,1.0
65,2016-01-22-46,1.0
66,2016-01-22-46,1.0
1,2016-01-22-58,4.3229358427
2,2016-01-22-58,1.0
3,2016-01-22-58,1.0
4,2016-01-22-58,47.401364603
5,2016-01-22-58,1.00175620035
6,2016-01-22-58,16.6227746031
7,2016-01-22-58,6.23152552312
8,2016-01-22-58,92.5191844004
9,2016-01-22-58,2.88047088563
10,2016-01-22-58,3.00546598276
11,2016-01-22-58,1.0
12,2016-01-22-58,3.1509971556
13,2016-01-22-58,3.3051596202
14,2016-01-22-58,3.28278089209
15,2016-01-22-58,1.0
16,2016-01-22-58,3.69727814804
17,2016-01-22-58,1.0
18,2016-01-22-58,2.21392664076
19,2016-01-22-58,1.00329916243
20,2016-01-22-58,4.42866803414
21,2016-01-22-58,1.52601547126
22,2016-01-22-58,7.22357058368
23,2016-01-22-58,80.0926191296
24,2016-01-22-58,55.964718274
25,2016-01-22-58,27.4717816762
26,2016-01-22-58,40.466164681
27,2016-01-22-58,6.23152552312
28,2016-01-22-58,4.80153784653
29,2016-01-22-58,4.42771276975
30,2016-01-22-58,1.0
31,2016-01-22-58,2.16463609277
32,2016-01-22-58,1.0
33,2016-01-22-58,1.0
34,2016-01-22-58,1.0
35,2016-01-22-58,1.18883058174
36,2016-01-22-58,1.0
37,2016-01-22-58,92.5191844004
38,2016-01-22-58,3.78072250433
39,2016-01-22-58,1.0
40,2016-01-22-58,1.20196596993
41,2016-01-22-58,4.36191242407
42,2016-01-22-58,2.71930716169
43,2016-01-22-58,1.0
44,2016-01-22-58,1.0
45,2016-01-22-58,1.0
46,2016-01-22-58,67.9506636246
47,2016-01-22-58,1.67232480998
48,2016-01-22-58,4.74739892577
49,2016-01-22-58,1.0
50,2016-01-22-58,1.0
51,2016-01-22-58,7.68363727901
52,2016-01-22-58,1.0
53,2016-01-22-58,7.73595720605
54,2016-01-22-58,1.0
55,2016-01-22-58,1.0
56,2016-01-22-58,1.0
57,2016-01-22-58,1.52057113639
58,2016-01-22-58,1.0
59,2016-01-22-58,1.0
60,2016-01-22-58,1.0
61,2016-01-22-58,1.0
62,2016-01-22-58,1.0
63,2016-01-22-58,1.0
64,2016-01-22-58,1.0
65,2016-01-22-58,1.00175620035
66,2016-01-22-58,1.0
1,2016-01-22-70,2.54667552723
2,2016-01-22-70,1.0
3,2016-01-22-70,1.0
4,2016-01-22-70,7.22038418234
5,2016-01-22-70,1.0
6,2016-01-22-70,5.73483071977
7,2016-01-22-70,3.05657613495
8,2016-01-22-70,32.089007464
9,2016-01-22-70,1.00512071872
10,2016-01-22-70,1.0
11,2016-01-22-70,1.0
12,2016-01-22-70,2.24485290083
13,2016-01-22-70,1.0
14,2016-01-22-70,2.24485290083
15,2016-01-22-70,1.0
16,2016-01-22-70,1.67776914485
17,2016-01-22-70,1.0
18,2016-01-22-70,1.52601547126
19,2016-01-22-70,1.19086582132
20,2016-01-22-70,2.28985273667
21,2016-01-22-70,1.00792837601
22,2016-01-22-70,9.0347525983
23,2016-01-22-70,34.0190426576
24,2016-01-22-70,34.0190426576
25,2016-01-22-70,2.8859888862
26,2016-01-22-70,3.05859919617
27,2016-01-22-70,6.18488603427
28,2016-01-22-70,3.37327335265
29,2016-01-22-70,6.5877587539
30,2016-01-22-70,1.0
31,2016-01-22-70,2.68309743668
32,2016-01-22-70,1.0
33,2016-01-22-70,1.18883058174
34,2016-01-22-70,1.17670716619
35,2016-01-22-70,1.0
36,2016-01-22-70,1.0
37,2016-01-22-70,26.9527052279
38,2016-01-22-70,2.8859888862
39,2016-01-22-70,1.0
40,2016-01-22-70,1.00004214467
41,2016-01-22-70,2.21916404344
42,2016-01-22-70,7.73477667666
43,2016-01-22-70,1.0
44,2016-01-22-70,1.0
45,2016-01-22-70,1.0
46,2016-01-22-70,19.3506504329
47,2016-01-22-70,3.74308053576
48,2016-01-22-70,5.34484425046
49,2016-01-22-70,1.0
50,2016-01-22-70,1.0
51,2016-01-22-70,9.0347525983
52,2016-01-22-70,1.0
53,2016-01-22-70,2.52631360261
54,2016-01-22-70,1.0
55,2016-01-22-70,1.0
56,2016-01-22-70,1.0
57,2016-01-22-70,1.0
58,2016-01-22-70,1.0
59,2016-01-22-70,1.0
60,2016-01-22-70,1.0
61,2016-01-22-70,1.0
62,2016-01-22-70,1.0
63,2016-01-22-70,1.0
64,2016-01-22-70,1.0
65,2016-01-22-70,1.0
66,2016-01-22-70,1.0
1,2016-01-22-82,3.71233052753
2,2016-01-22-82,1.0
3,2016-01-22-82,1.0
4,2016-01-22-82,9.33710103048
5,2016-01-22-82,1.0
6,2016-01-22-82,7.67065709825
7,2016-01-22-82,28.2476713473
8,2016-01-22-82,58.7741382207
9,2016-01-22-82,2.64419680872
10,2016-01-22-82,1.0
11,2016-01-22-82,1.0
12,2016-01-22-82,3.70067699094
13,2016-01-22-82,1.0
14,2016-01-22-82,2.8859888862
15,2016-01-22-82,1.0
16,2016-01-22-82,1.02220652707
17,2016-01-22-82,1.0
18,2016-01-22-82,2.43064266011
19,2016-01-22-82,1.06265816461
20,2016-01-22-82,3.05859919617
21,2016-01-22-82,2.76052918702
22,2016-01-22-82,7.53856719698
23,2016-01-22-82,13.6020565652
24,2016-01-22-82,28.9102566156
25,2016-01-22-82,1.0
26,2016-01-22-82,14.2646418334
27,2016-01-22-82,7.4699378557
28,2016-01-22-82,4.22827724025
29,2016-01-22-82,2.32963006543
30,2016-01-22-82,1.0
31,2016-01-22-82,1.01397789932
32,2016-01-22-82,1.0
33,2016-01-22-82,1.61004389937
34,2016-01-22-82,1.0
35,2016-01-22-82,6.45416362189
36,2016-01-22-82,1.0
37,2016-01-22-82,58.7741382207
38,2016-01-22-82,1.0
39,2016-01-22-82,1.0
40,2016-01-22-82,1.00263203771
41,2016-01-22-82,1.0
42,2016-01-22-82,2.24115102928
43,2016-01-22-82,1.0
44,2016-01-22-82,1.0
45,2016-01-22-82,1.04756022625
46,2016-01-22-82,3.05859919617
47,2016-01-22-82,3.25134411486
48,2016-01-22-82,7.41879845805
49,2016-01-22-82,1.0
50,2016-01-22-82,1.0
51,2016-01-22-82,8.86849338523
52,2016-01-22-82,1.0
53,2016-01-22-82,1.16588141262
54,2016-01-22-82,1.0
55,2016-01-22-82,1.0
56,2016-01-22-82,1.0
57,2016-01-22-82,1.0
58,2016-01-22-82,1.172692816
59,2016-01-22-82,1.0
60,2016-01-22-82,1.0
61,2016-01-22-82,1.0
62,2016-01-22-82,1.0
63,2016-01-22-82,1.0
64,2016-01-22-82,1.0
65,2016-01-22-82,1.00743324074
66,2016-01-22-82,1.0
1,2016-01-22-94,3.05859919617
2,2016-01-22-94,1.0
3,2016-01-22-94,1.0
4,2016-01-22-94,4.4177334319
5,2016-01-22-94,1.0
6,2016-01-22-94,1.0
7,2016-01-22-94,78.2397133414
8,2016-01-22-94,17.374784735
9,2016-01-22-94,1.0
10,2016-01-22-94,1.0
11,2016-01-22-94,1.00175620035
12,2016-01-22-94,2.63033771256
13,2016-01-22-94,1.0
14,2016-01-22-94,5.41137644335
15,2016-01-22-94,1.0
16,2016-01-22-94,1.0
17,2016-01-22-94,1.0
18,2016-01-22-94,1.0
19,2016-01-22-94,1.0
20,2016-01-22-94,2.43064266011
21,2016-01-22-94,1.52057113639
22,2016-01-22-94,10.1064143836
23,2016-01-22-94,13.9481085084
24,2016-01-22-94,9.90551262548
25,2016-01-22-94,1.0
26,2016-01-22-94,5.57221728679
27,2016-01-22-94,6.20952970225
28,2016-01-22-94,4.28480539552
29,2016-01-22-94,1.0
30,2016-01-22-94,1.0
31,2016-01-22-94,1.27600966025
32,2016-01-22-94,1.0
33,2016-01-22-94,1.0
34,2016-01-22-94,1.0
35,2016-01-22-94,1.0
36,2016-01-22-94,1.0
37,2016-01-22-94,18.2750944265
38,2016-01-22-94,1.0
39,2016-01-22-94,1.0
40,2016-01-22-94,1.0
41,2016-01-22-94,1.0
42,2016-01-22-94,1.93515554943
43,2016-01-22-94,1.0
44,2016-01-22-94,1.0
45,2016-01-22-94,1.0
46,2016-01-22-94,3.37327335265
47,2016-01-22-94,1.17502595176
48,2016-01-22-94,58.7741382207
49,2016-01-22-94,1.0
50,2016-01-22-94,1.0
51,2016-01-22-94,58.7741382207
52,2016-01-22-94,1.0
53,2016-01-22-94,1.0
54,2016-01-22-94,1.0
55,2016-01-22-94,1.0
56,2016-01-22-94,1.0
57,2016-01-22-94,1.0
58,2016-01-22-94,1.0
59,2016-01-22-94,1.0
60,2016-01-22-94,1.0
61,2016-01-22-94,1.0
62,2016-01-22-94,1.0
63,2016-01-22-94,1.0
64,2016-01-22-94,1.0
65,2016-01-22-94,1.0
66,2016-01-22-94,1.0
1,2016-01-22-106,4.41304603664
2,2016-01-22-106,1.14883807067
3,2016-01-22-106,1.02375153674
4,2016-01-22-106,7.39013589008
5,2016-01-22-106,1.0
6,2016-01-22-106,1.0
7,2016-01-22-106,92.5191844004
8,2016-01-22-106,92.5191844004
9,2016-01-22-106,1.03071263252
10,2016-01-22-106,1.0
11,2016-01-22-106,1.96484298903
12,2016-01-22-106,6.50890648618
13,2016-01-22-106,1.0
14,2016-01-22-106,53.2149757344
15,2016-01-22-106,1.0
16,2016-01-22-106,1.0
17,2016-01-22-106,1.0
18,2016-01-22-106,1.18883058174
19,2016-01-22-106,2.76229181369
20,2016-01-22-106,7.42533294074
21,2016-01-22-106,3.28777845151
22,2016-01-22-106,13.9594102692
23,2016-01-22-106,92.5191844004
24,2016-01-22-106,2.07857124306
25,2016-01-22-106,1.14883807067
26,2016-01-22-106,26.5473087528
27,2016-01-22-106,9.90551262548
28,2016-01-22-106,15.2933568381
29,2016-01-22-106,4.43206687704
30,2016-01-22-106,1.0
31,2016-01-22-106,1.17670716619
32,2016-01-22-106,1.0
33,2016-01-22-106,1.0
34,2016-01-22-106,1.0
35,2016-01-22-106,8.97088356914
36,2016-01-22-106,1.52601547126
37,2016-01-22-106,92.5191844004
38,2016-01-22-106,1.0
39,2016-01-22-106,1.0
40,2016-01-22-106,1.0
41,2016-01-22-106,1.0
42,2016-01-22-106,3.34128395257
43,2016-01-22-106,1.00391303582
44,2016-01-22-106,1.0
45,2016-01-22-106,1.0
46,2016-01-22-106,7.11710346783
47,2016-01-22-106,1.0
48,2016-01-22-106,92.5191844004
49,2016-01-22-106,1.0
50,2016-01-22-106,1.0
51,2016-01-22-106,92.5191844004
52,2016-01-22-106,1.0
53,2016-01-22-106,4.43071361266
54,2016-01-22-106,1.0
55,2016-01-22-106,1.0
56,2016-01-22-106,1.0
57,2016-01-22-106,1.15592202654
58,2016-01-22-106,1.0
59,2016-01-22-106,1.0
60,2016-01-22-106,1.0
61,2016-01-22-106,1.0
62,2016-01-22-106,1.0
63,2016-01-22-106,1.0
64,2016-01-22-106,1.0
65,2016-01-22-106,1.0
66,2016-01-22-106,1.0
1,2016-01-22-118,4.47056648621
2,2016-01-22-118,1.00266219996
3,2016-01-22-118,1.0
4,2016-01-22-118,10.6291966969
5,2016-01-22-118,1.0
6,2016-01-22-118,1.0
7,2016-01-22-118,27.2579367922
8,2016-01-22-118,12.8944122038
9,2016-01-22-118,1.17273131692
10,2016-01-22-118,1.0
11,2016-01-22-118,1.0
12,2016-01-22-118,4.28278233429
13,2016-01-22-118,1.0
14,2016-01-22-118,2.99599733674
15,2016-01-22-118,1.0
16,2016-01-22-118,1.0
17,2016-01-22-118,1.0
18,2016-01-22-118,1.0
19,2016-01-22-118,1.1809273204
20,2016-01-22-118,5.84458208035
21,2016-01-22-118,1.76697038739
22,2016-01-22-118,12.1610938275
23,2016-01-22-118,7.41879845805
24,2016-01-22-118,1.6801857825
25,2016-01-22-118,1.0
26,2016-01-22-118,58.7741382207
27,2016-01-22-118,4.65585790917
28,2016-01-22-118,6.10081947416
29,2016-01-22-118,1.0
30,2016-01-22-118,1.0
31,2016-01-22-118,1.18263131692
32,2016-01-22-118,1.0
33,2016-01-22-118,1.0
34,2016-01-22-118,1.0
35,2016-01-22-118,6.12887824038
36,2016-01-22-118,1.0
37,2016-01-22-118,5.41137644335
38,2016-01-22-118,1.0
39,2016-01-22-118,1.0
40,2016-01-22-118,1.0
41,2016-01-22-118,1.0
42,2016-01-22-118,2.24115102928
43,2016-01-22-118,1.0
44,2016-01-22-118,1.0
45,2016-01-22-118,1.0
46,2016-01-22-118,3.448540988
47,2016-01-22-118,1.0
48,2016-01-22-118,9.69508946863
49,2016-01-22-118,1.0
50,2016-01-22-118,1.0
51,2016-01-22-118,80.0926191296
52,2016-01-22-118,1.0
53,2016-01-22-118,1.01018390348
54,2016-01-22-118,1.0
55,2016-01-22-118,1.0
56,2016-01-22-118,1.0
57,2016-01-22-118,1.0
58,2016-01-22-118,1.0
59,2016-01-22-118,1.0
60,2016-01-22-118,1.0
61,2016-01-22-118,1.0
62,2016-01-22-118,1.0
63,2016-01-22-118,1.0
64,2016-01-22-118,1.0
65,2016-01-22-118,1.0
66,2016-01-22-118,1.0
1,2016-01-22-130,5.60660431772
2,2016-01-22-130,1.0
3,2016-01-22-130,1.0
4,2016-01-22-130,2.61004789418
5,2016-01-22-130,1.0
6,2016-01-22-130,1.0
7,2016-01-22-130,92.5191844004
8,2016-01-22-130,92.5191844004
9,2016-01-22-130,1.0
10,2016-01-22-130,1.0
11,2016-01-22-130,1.0
12,2016-01-22-130,4.62465345462
13,2016-01-22-130,1.0
14,2016-01-22-130,10.1203315766
15,2016-01-22-130,1.0
16,2016-01-22-130,1.0
17,2016-01-22-130,1.0
18,2016-01-22-130,1.0
19,2016-01-22-130,1.1908273204
20,2016-01-22-130,5.1712670569
21,2016-01-22-130,3.01098398333
22,2016-01-22-130,9.90551262548
23,2016-01-22-130,67.9506636246
24,2016-01-22-130,2.58499102407
25,2016-01-22-130,1.0
26,2016-01-22-130,2.36741017805
27,2016-01-22-130,2.72358074496
28,2016-01-22-130,92.5191844004
29,2016-01-22-130,1.0
30,2016-01-22-130,1.0
31,2016-01-22-130,1.0
32,2016-01-22-130,1.0
33,2016-01-22-130,1.0
34,2016-01-22-130,1.0
35,2016-01-22-130,1.00077614076
36,2016-01-22-130,1.0
37,2016-01-22-130,15.6507105421
38,2016-01-22-130,1.0
39,2016-01-22-130,3.448540988
40,2016-01-22-130,1.0
41,2016-01-22-130,1.0
42,2016-01-22-130,2.24115102928
43,2016-01-22-130,1.0
44,2016-01-22-130,1.0
45,2016-01-22-130,1.0
46,2016-01-22-130,5.86991432408
47,2016-01-22-130,1.0
48,2016-01-22-130,92.5191844004
49,2016-01-22-130,1.0
50,2016-01-22-130,1.0
51,2016-01-22-130,92.5191844004
52,2016-01-22-130,1.0
53,2016-01-22-130,1.0
54,2016-01-22-130,1.0
55,2016-01-22-130,1.0
56,2016-01-22-130,1.0
57,2016-01-22-130,1.0
58,2016-01-22-130,1.0
59,2016-01-22-130,1.0
60,2016-01-22-130,1.0
61,2016-01-22-130,1.0
62,2016-01-22-130,1.0
63,2016-01-22-130,1.0
64,2016-01-22-130,1.0
65,2016-01-22-130,1.0
66,2016-01-22-130,1.0
1,2016-01-22-142,6.22274871195
2,2016-01-22-142,1.00175620035
3,2016-01-22-142,1.0
4,2016-01-22-142,1.17912759174
5,2016-01-22-142,1.0
6,2016-01-22-142,1.0
7,2016-01-22-142,4.65585790917
8,2016-01-22-142,9.0347525983
9,2016-01-22-142,1.1684467872
10,2016-01-22-142,1.0
11,2016-01-22-142,1.0
12,2016-01-22-142,8.76998181103
13,2016-01-22-142,1.01018390348
14,2016-01-22-142,4.84630617955
15,2016-01-22-142,1.0
16,2016-01-22-142,1.0
17,2016-01-22-142,1.0
18,2016-01-22-142,1.35400560936
19,2016-01-22-142,1.17126283132
20,2016-01-22-142,1.55625378072
21,2016-01-22-142,1.55625378072
22,2016-01-22-142,8.6573493474
23,2016-01-22-142,12.5370584999
24,2016-01-22-142,1.19631015619
25,2016-01-22-142,1.0
26,2016-01-22-142,1.16160091991
27,2016-01-22-142,3.01098398333
28,2016-01-22-142,10.3703621596
29,2016-01-22-142,1.0
30,2016-01-22-142,1.0
31,2016-01-22-142,1.0
32,2016-01-22-142,1.0
33,2016-01-22-142,1.0
34,2016-01-22-142,1.0
35,2016-01-22-142,1.0
36,2016-01-22-142,1.0
37,2016-01-22-142,2.73275065572
38,2016-01-22-142,1.0
39,2016-01-22-142,1.40154492679
40,2016-01-22-142,1.0
41,2016-01-22-142,1.0
42,2016-01-22-142,14.8677171576
43,2016-01-22-142,1.0
44,2016-01-22-142,1.0
45,2016-01-22-142,1.0
46,2016-01-22-142,2.8859888862
47,2016-01-22-142,1.01018390348
48,2016-01-22-142,18.2750944265
49,2016-01-22-142,1.0
50,2016-01-22-142,1.0
51,2016-01-22-142,92.5191844004
52,2016-01-22-142,1.0
53,2016-01-22-142,1.0
54,2016-01-22-142,1.0
55,2016-01-22-142,1.0
56,2016-01-22-142,1.0
57,2016-01-22-142,1.0
58,2016-01-22-142,1.0
59,2016-01-22-142,1.0
60,2016-01-22-142,1.0
61,2016-01-22-142,1.0
62,2016-01-22-142,1.0
63,2016-01-22-142,1.0
64,2016-01-22-142,1.0
65,2016-01-22-142,1.0
66,2016-01-22-142,1.0
1,2016-01-24-58,2.3818561021
2,2016-01-24-58,1.0
3,2016-01-24-58,1.0
4,2016-01-24-58,1.59722870473
5,2016-01-24-58,1.0
6,2016-01-24-58,3.00546598276
7,2016-01-24-58,15.3967681703
8,2016-01-24-58,32.9523815842
9,2016-01-24-58,2.23933490025
10,2016-01-24-58,1.0
11,2016-01-24-58,1.03629611478
12,2016-01-24-58,1.52601547126
13,2016-01-24-58,1.0
14,2016-01-24-58,4.45828702178
15,2016-01-24-58,1.0
16,2016-01-24-58,1.0
17,2016-01-24-58,1.0
18,2016-01-24-58,1.20196596993
19,2016-01-24-58,1.03629611478
20,2016-01-24-58,1.98128430132
21,2016-01-24-58,1.01763037601
22,2016-01-24-58,6.0449881946
23,2016-01-24-58,28.9102566156
24,2016-01-24-58,42.3459014018
25,2016-01-24-58,1.0
26,2016-01-24-58,2.21392664076
27,2016-01-24-58,7.42351139966
28,2016-01-24-58,1.52601547126
29,2016-01-24-58,6.8286591511
30,2016-01-24-58,1.0
31,2016-01-24-58,4.27143332427
32,2016-01-24-58,1.0
33,2016-01-24-58,1.0
34,2016-01-24-58,1.0
35,2016-01-24-58,1.08806116088
36,2016-01-24-58,1.0
37,2016-01-24-58,16.6227746031
38,2016-01-24-58,1.67776914485
39,2016-01-24-58,1.0
40,2016-01-24-58,1.20196596993
41,2016-01-24-58,1.01221656538
42,2016-01-24-58,5.9464800493
43,2016-01-24-58,1.0
44,2016-01-24-58,1.0
45,2016-01-24-58,1.0
46,2016-01-24-58,33.3564573894
47,2016-01-24-58,1.85026443713
48,2016-01-24-58,4.28396286368
49,2016-01-24-58,1.53063012324
50,2016-01-24-58,1.0
51,2016-01-24-58,5.44486614487
52,2016-01-24-58,1.0
53,2016-01-24-58,1.0
54,2016-01-24-58,1.0
55,2016-01-24-58,1.0
56,2016-01-24-58,1.0
57,2016-01-24-58,1.0
58,2016-01-24-58,1.24693995106
59,2016-01-24-58,1.0
60,2016-01-24-58,1.0
61,2016-01-24-58,1.0
62,2016-01-24-58,1.0
63,2016-01-24-58,1.0
64,2016-01-24-58,1.0
65,2016-01-24-58,1.0
66,2016-01-24-58,1.0
1,2016-01-24-70,3.28829889266
2,2016-01-24-70,1.0
3,2016-01-24-70,1.0
4,2016-01-24-70,5.10140802946
5,2016-01-24-70,1.36713569108
6,2016-01-24-70,3.24481737058
7,2016-01-24-70,15.2933568381
8,2016-01-24-70,53.2149757344
9,2016-01-24-70,3.32768120104
10,2016-01-24-70,1.0
11,2016-01-24-70,1.0
12,2016-01-24-70,3.68895066557
13,2016-01-24-70,1.01758431856
14,2016-01-24-70,15.5975570223
15,2016-01-24-70,1.0
16,2016-01-24-70,1.36084476011
17,2016-01-24-70,1.0
18,2016-01-24-70,1.98422179156
19,2016-01-24-70,1.67776914485
20,2016-01-24-70,9.69508946863
21,2016-01-24-70,2.18683337384
22,2016-01-24-70,9.90551262548
23,2016-01-24-70,34.0190426576
24,2016-01-24-70,47.401364603
25,2016-01-24-70,1.0
26,2016-01-24-70,15.5936887738
27,2016-01-24-70,9.90551262548
28,2016-01-24-70,7.84989649207
29,2016-01-24-70,6.5877587539
30,2016-01-24-70,1.69282335156
31,2016-01-24-70,1.0
32,2016-01-24-70,1.0
33,2016-01-24-70,1.0
34,2016-01-24-70,1.52601547126
35,2016-01-24-70,1.02073794915
36,2016-01-24-70,1.0
37,2016-01-24-70,92.5191844004
38,2016-01-24-70,3.05395223317
39,2016-01-24-70,1.0
40,2016-01-24-70,1.0
41,2016-01-24-70,2.21944464134
42,2016-01-24-70,4.28461699795
43,2016-01-24-70,1.0
44,2016-01-24-70,1.0
45,2016-01-24-70,1.52057113639
46,2016-01-24-70,57.8666584207
47,2016-01-24-70,2.86898000516
48,2016-01-24-70,4.43206687704
49,2016-01-24-70,1.0
50,2016-01-24-70,1.0
51,2016-01-24-70,7.41879845805
52,2016-01-24-70,1.0
53,2016-01-24-70,1.01372673603
54,2016-01-24-70,1.0
55,2016-01-24-70,1.0
56,2016-01-24-70,1.17502595176
57,2016-01-24-70,1.0
58,2016-01-24-70,1.00624716158
59,2016-01-24-70,1.0
60,2016-01-24-70,1.0
61,2016-01-24-70,1.0
62,2016-01-24-70,1.18879208082
63,2016-01-24-70,1.0
64,2016-01-24-70,1.0
65,2016-01-24-70,1.0
66,2016-01-24-70,1.0
1,2016-01-24-82,3.74308053576
2,2016-01-24-82,1.0
3,2016-01-24-82,1.0
4,2016-01-24-82,6.34139148188
5,2016-01-24-82,1.00077614076
6,2016-01-24-82,2.19613490035
7,2016-01-24-82,12.5370584999
8,2016-01-24-82,37.2125926444
9,2016-01-24-82,1.02606687694
10,2016-01-24-82,1.0
11,2016-01-24-82,1.36586228246
12,2016-01-24-82,2.72447010896
13,2016-01-24-82,1.0
14,2016-01-24-82,3.74308053576
15,2016-01-24-82,1.0
16,2016-01-24-82,1.0
17,2016-01-24-82,1.0
18,2016-01-24-82,1.0
19,2016-01-24-82,2.24115102928
20,2016-01-24-82,2.08227311461
21,2016-01-24-82,1.36713569108
22,2016-01-24-82,7.73896651474
23,2016-01-24-82,13.2357261978
24,2016-01-24-82,9.90551262548
25,2016-01-24-82,1.17670716619
26,2016-01-24-82,4.43206687704
27,2016-01-24-82,7.73477667666
28,2016-01-24-82,5.03850663096
29,2016-01-24-82,3.72607165472
30,2016-01-24-82,1.0
31,2016-01-24-82,2.17893259349
32,2016-01-24-82,1.0
33,2016-01-24-82,1.0
34,2016-01-24-82,1.24391677722
35,2016-01-24-82,1.0
36,2016-01-24-82,1.0
37,2016-01-24-82,34.0190426576
38,2016-01-24-82,1.5681469122
39,2016-01-24-82,1.0
40,2016-01-24-82,1.02001230065
41,2016-01-24-82,1.0
42,2016-01-24-82,1.60057501199
43,2016-01-24-82,1.0
44,2016-01-24-82,1.0
45,2016-01-24-82,1.182592816
46,2016-01-24-82,26.216550779
47,2016-01-24-82,2.36741017805
48,2016-01-24-82,8.66770453326
49,2016-01-24-82,1.0
50,2016-01-24-82,1.0
51,2016-01-24-82,9.90551262548
52,2016-01-24-82,1.0
53,2016-01-24-82,1.0
54,2016-01-24-82,1.0
55,2016-01-24-82,1.0
56,2016-01-24-82,1.0
57,2016-01-24-82,1.0
58,2016-01-24-82,1.00512071872
59,2016-01-24-82,1.0
60,2016-01-24-82,1.0
61,2016-01-24-82,1.0
62,2016-01-24-82,1.0
63,2016-01-24-82,1.0
64,2016-01-24-82,1.15834245209
65,2016-01-24-82,1.0
66,2016-01-24-82,1.0
1,2016-01-24-94,4.25082837784
2,2016-01-24-94,1.0
3,2016-01-24-94,1.0
4,2016-01-24-94,2.72358074496
5,2016-01-24-94,1.0
6,2016-01-24-94,1.0
7,2016-01-24-94,5.14105461366
8,2016-01-24-94,9.70472377351
9,2016-01-24-94,1.04646854633
10,2016-01-24-94,1.0
11,2016-01-24-94,1.0
12,2016-01-24-94,3.05859919617
13,2016-01-24-94,1.0
14,2016-01-24-94,3.35626447161
15,2016-01-24-94,1.0
16,2016-01-24-94,1.0
17,2016-01-24-94,1.0
18,2016-01-24-94,1.0
19,2016-01-24-94,1.19631015619
20,2016-01-24-94,2.56502709945
21,2016-01-24-94,1.27600966025
22,2016-01-24-94,7.93096141935
23,2016-01-24-94,7.48284842703
24,2016-01-24-94,2.5869092621
25,2016-01-24-94,1.0
26,2016-01-24-94,1.15179991991
27,2016-01-24-94,6.13054543898
28,2016-01-24-94,4.43206687704
29,2016-01-24-94,1.01372673603
30,2016-01-24-94,1.0
31,2016-01-24-94,1.17631154762
32,2016-01-24-94,1.0
33,2016-01-24-94,1.0
34,2016-01-24-94,1.0
35,2016-01-24-94,1.0
36,2016-01-24-94,1.0
37,2016-01-24-94,4.39254790281
38,2016-01-24-94,1.0
39,2016-01-24-94,1.0
40,2016-01-24-94,1.0
41,2016-01-24-94,1.0
42,2016-01-24-94,3.05859919617
43,2016-01-24-94,1.0
44,2016-01-24-94,1.0
45,2016-01-24-94,1.0
46,2016-01-24-94,2.8859888862
47,2016-01-24-94,1.0
48,2016-01-24-94,12.6936233518
49,2016-01-24-94,1.0
50,2016-01-24-94,1.0
51,2016-01-24-94,9.53846456044
52,2016-01-24-94,1.0
53,2016-01-24-94,1.0
54,2016-01-24-94,1.0
55,2016-01-24-94,1.0
56,2016-01-24-94,1.0
57,2016-01-24-94,1.0
58,2016-01-24-94,1.15834245209
59,2016-01-24-94,1.0
60,2016-01-24-94,1.0
61,2016-01-24-94,1.0
62,2016-01-24-94,1.0
63,2016-01-24-94,1.0
64,2016-01-24-94,1.0
65,2016-01-24-94,1.0
66,2016-01-24-94,1.0
1,2016-01-24-106,5.86991432408
2,2016-01-24-106,1.0
3,2016-01-24-106,1.0
4,2016-01-24-106,1.6756094541
5,2016-01-24-106,1.0
6,2016-01-24-106,1.0
7,2016-01-24-106,7.41879845805
8,2016-01-24-106,6.18488603427
9,2016-01-24-106,1.27600966025
10,2016-01-24-106,1.0
11,2016-01-24-106,1.00987725866
12,2016-01-24-106,4.13036128025
13,2016-01-24-106,1.0
14,2016-01-24-106,2.54667552723
15,2016-01-24-106,1.0
16,2016-01-24-106,1.0
17,2016-01-24-106,1.0
18,2016-01-24-106,1.0
19,2016-01-24-106,1.59855195077
20,2016-01-24-106,2.5583716139
21,2016-01-24-106,2.96812783478
22,2016-01-24-106,12.1610938275
23,2016-01-24-106,9.70472377351
24,2016-01-24-106,2.74662202632
25,2016-01-24-106,1.0
26,2016-01-24-106,1.00509227437
27,2016-01-24-106,6.0704286577
28,2016-01-24-106,7.53817766276
29,2016-01-24-106,1.17670716619
30,2016-01-24-106,1.0
31,2016-01-24-106,1.0
32,2016-01-24-106,1.0
33,2016-01-24-106,1.0
34,2016-01-24-106,1.0
35,2016-01-24-106,1.0
36,2016-01-24-106,1.0
37,2016-01-24-106,4.43206687704
38,2016-01-24-106,1.0
39,2016-01-24-106,1.17502595176
40,2016-01-24-106,1.0
41,2016-01-24-106,1.0
42,2016-01-24-106,2.9152859078
43,2016-01-24-106,1.0
44,2016-01-24-106,1.0
45,2016-01-24-106,1.0
46,2016-01-24-106,3.05657613495
47,2016-01-24-106,1.0
48,2016-01-24-106,57.8666584207
49,2016-01-24-106,1.0
50,2016-01-24-106,1.0
51,2016-01-24-106,18.5733680153
52,2016-01-24-106,1.0
53,2016-01-24-106,1.0
54,2016-01-24-106,1.0
55,2016-01-24-106,1.0
56,2016-01-24-106,1.0
57,2016-01-24-106,1.0
58,2016-01-24-106,1.0
59,2016-01-24-106,1.0
60,2016-01-24-106,1.0
61,2016-01-24-106,1.0
62,2016-01-24-106,1.51233663199
63,2016-01-24-106,1.0
64,2016-01-24-106,1.0
65,2016-01-24-106,1.0
66,2016-01-24-106,1.0
1,2016-01-24-118,5.29840084093
2,2016-01-24-118,1.0
3,2016-01-24-118,1.0
4,2016-01-24-118,2.24115102928
5,2016-01-24-118,1.0
6,2016-01-24-118,1.0
7,2016-01-24-118,4.84428311832
8,2016-01-24-118,7.42447234179
9,2016-01-24-118,1.00267812812
10,2016-01-24-118,1.0
11,2016-01-24-118,1.0
12,2016-01-24-118,3.29526203996
13,2016-01-24-118,1.0
14,2016-01-24-118,3.13154014152
15,2016-01-24-118,1.0
16,2016-01-24-118,1.0
17,2016-01-24-118,1.0
18,2016-01-24-118,1.0
19,2016-01-24-118,1.05480076869
20,2016-01-24-118,2.37933285011
21,2016-01-24-118,2.33378395918
22,2016-01-24-118,9.62901551284
23,2016-01-24-118,7.22357058368
24,2016-01-24-118,4.27701011047
25,2016-01-24-118,1.0
26,2016-01-24-118,1.0
27,2016-01-24-118,3.74308053576
28,2016-01-24-118,6.18488603427
29,2016-01-24-118,1.19652163506
30,2016-01-24-118,1.0
31,2016-01-24-118,1.51233663199
32,2016-01-24-118,1.0
33,2016-01-24-118,1.0
34,2016-01-24-118,1.0
35,2016-01-24-118,1.0
36,2016-01-24-118,1.0
37,2016-01-24-118,3.74308053576
38,2016-01-24-118,1.0
39,2016-01-24-118,1.0
40,2016-01-24-118,1.0
41,2016-01-24-118,1.0
42,2016-01-24-118,2.24115102928
43,2016-01-24-118,1.0
44,2016-01-24-118,1.0
45,2016-01-24-118,1.0
46,2016-01-24-118,2.90646577609
47,2016-01-24-118,1.00175620035
48,2016-01-24-118,4.49496827554
49,2016-01-24-118,1.0
50,2016-01-24-118,1.0
51,2016-01-24-118,19.1497486748
52,2016-01-24-118,1.0
53,2016-01-24-118,1.0
54,2016-01-24-118,1.0
55,2016-01-24-118,1.0
56,2016-01-24-118,1.17126283132
57,2016-01-24-118,1.0
58,2016-01-24-118,1.0
59,2016-01-24-118,1.0
60,2016-01-24-118,1.0
61,2016-01-24-118,1.0
62,2016-01-24-118,1.0
63,2016-01-24-118,1.0
64,2016-01-24-118,1.0
65,2016-01-24-118,1.0
66,2016-01-24-118,1.0
1,2016-01-24-130,4.3987844662
2,2016-01-24-130,1.0
3,2016-01-24-130,1.0
4,2016-01-24-130,9.69508946863
5,2016-01-24-130,1.0
6,2016-01-24-130,1.0
7,2016-01-24-130,10.6291966969
8,2016-01-24-130,34.0190426576
9,2016-01-24-130,1.00951781664
10,2016-01-24-130,1.0
11,2016-01-24-130,1.0
12,2016-01-24-130,4.62330019023
13,2016-01-24-130,1.0
14,2016-01-24-130,2.00302448137
15,2016-01-24-130,1.0
16,2016-01-24-130,1.0
17,2016-01-24-130,1.0
18,2016-01-24-130,1.0
19,2016-01-24-130,1.63204018421
20,2016-01-24-130,2.24115102928
21,2016-01-24-130,1.36586228246
22,2016-01-24-130,9.90551262548
23,2016-01-24-130,92.5191844004
24,2016-01-24-130,5.04530841406
25,2016-01-24-130,1.0
26,2016-01-24-130,1.0
27,2016-01-24-130,3.31067762077
28,2016-01-24-130,8.56272049207
29,2016-01-24-130,1.52601547126
30,2016-01-24-130,1.0
31,2016-01-24-130,1.0
32,2016-01-24-130,1.0
33,2016-01-24-130,1.0
34,2016-01-24-130,1.0
35,2016-01-24-130,1.0
36,2016-01-24-130,1.0
37,2016-01-24-130,8.77436941547
38,2016-01-24-130,1.0
39,2016-01-24-130,1.5969026897
40,2016-01-24-130,1.00743324074
41,2016-01-24-130,1.0
42,2016-01-24-130,3.01098398333
43,2016-01-24-130,1.0
44,2016-01-24-130,1.0
45,2016-01-24-130,1.0
46,2016-01-24-130,3.94033045614
47,2016-01-24-130,1.0
48,2016-01-24-130,34.0190426576
49,2016-01-24-130,1.0
50,2016-01-24-130,1.0
51,2016-01-24-130,92.5191844004
52,2016-01-24-130,1.0
53,2016-01-24-130,1.0
54,2016-01-24-130,1.0
55,2016-01-24-130,1.0
56,2016-01-24-130,1.00743324074
57,2016-01-24-130,1.0
58,2016-01-24-130,1.0
59,2016-01-24-130,1.0
60,2016-01-24-130,1.0
61,2016-01-24-130,1.0
62,2016-01-24-130,1.0
63,2016-01-24-130,1.0
64,2016-01-24-130,1.0
65,2016-01-24-130,1.0
66,2016-01-24-130,1.0
1,2016-01-24-142,4.36919083417
2,2016-01-24-142,1.0
3,2016-01-24-142,1.0
4,2016-01-24-142,1.24693995106
5,2016-01-24-142,1.0
6,2016-01-24-142,1.0
7,2016-01-24-142,3.37327335265
8,2016-01-24-142,3.05859919617
9,2016-01-24-142,1.0
10,2016-01-24-142,1.0
11,2016-01-24-142,1.0
12,2016-01-24-142,2.21916404344
13,2016-01-24-142,1.0
14,2016-01-24-142,3.07873380489
15,2016-01-24-142,1.0
16,2016-01-24-142,1.0
17,2016-01-24-142,1.0
18,2016-01-24-142,3.30932435638
19,2016-01-24-142,1.17126283132
20,2016-01-24-142,2.19227770871
21,2016-01-24-142,1.0
22,2016-01-24-142,5.03850663096
23,2016-01-24-142,8.97535003531
24,2016-01-24-142,2.52631360261
25,2016-01-24-142,1.17273131692
26,2016-01-24-142,1.0
27,2016-01-24-142,5.29840084093
28,2016-01-24-142,9.69777350954
29,2016-01-24-142,1.0
30,2016-01-24-142,1.0
31,2016-01-24-142,1.18099634556
32,2016-01-24-142,1.0
33,2016-01-24-142,1.0
34,2016-01-24-142,1.0
35,2016-01-24-142,1.0
36,2016-01-24-142,1.0
37,2016-01-24-142,2.24485290083
38,2016-01-24-142,1.0
39,2016-01-24-142,1.02073794915
40,2016-01-24-142,1.0
41,2016-01-24-142,1.0
42,2016-01-24-142,1.49800496792
43,2016-01-24-142,1.0
44,2016-01-24-142,1.0
45,2016-01-24-142,1.0
46,2016-01-24-142,1.36084476011
47,2016-01-24-142,1.0
48,2016-01-24-142,14.9270264707
49,2016-01-24-142,1.0
50,2016-01-24-142,1.0
51,2016-01-24-142,26.5217823433
52,2016-01-24-142,1.0
53,2016-01-24-142,1.0
54,2016-01-24-142,1.0
55,2016-01-24-142,1.0
56,2016-01-24-142,1.0
57,2016-01-24-142,1.0
58,2016-01-24-142,1.0
59,2016-01-24-142,1.0
60,2016-01-24-142,1.0
61,2016-01-24-142,1.0
62,2016-01-24-142,1.0
63,2016-01-24-142,1.0
64,2016-01-24-142,1.0
65,2016-01-24-142,1.0
66,2016-01-24-142,1.0
1,2016-01-26-46,4.37365630413
2,2016-01-26-46,1.0
3,2016-01-26-46,1.0
4,2016-01-26-46,13.7469267723
5,2016-01-26-46,1.0
6,2016-01-26-46,4.03682144147
7,2016-01-26-46,47.401364603
8,2016-01-26-46,92.5191844004
9,2016-01-26-46,1.0
10,2016-01-26-46,1.0
11,2016-01-26-46,1.0
12,2016-01-26-46,2.05957817874
13,2016-01-26-46,1.00028390348
14,2016-01-26-46,38.7058244414
15,2016-01-26-46,1.0
16,2016-01-26-46,1.0
17,2016-01-26-46,1.0
18,2016-01-26-46,1.0
19,2016-01-26-46,1.0
20,2016-01-26-46,2.23065359346
21,2016-01-26-46,1.71963996895
22,2016-01-26-46,5.11046557542
23,2016-01-26-46,92.3183955484
24,2016-01-26-46,47.2171956723
25,2016-01-26-46,1.0
26,2016-01-26-46,18.1063510031
27,2016-01-26-46,8.7841954882
28,2016-01-26-46,11.9922210558
29,2016-01-26-46,2.1878139602
30,2016-01-26-46,1.0
31,2016-01-26-46,2.86346200459
32,2016-01-26-46,1.68563103046
33,2016-01-26-46,1.0
34,2016-01-26-46,1.0
35,2016-01-26-46,1.0
36,2016-01-26-46,1.0
37,2016-01-26-46,92.3183955484
38,2016-01-26-46,1.0
39,2016-01-26-46,1.0
40,2016-01-26-46,1.0
41,2016-01-26-46,1.0
42,2016-01-26-46,3.41439213686
43,2016-01-26-46,1.0
44,2016-01-26-46,4.7204228978
45,2016-01-26-46,1.0
46,2016-01-26-46,87.97190424
47,2016-01-26-46,1.0
48,2016-01-26-46,9.33767570846
49,2016-01-26-46,1.0
50,2016-01-26-46,1.0
51,2016-01-26-46,30.2785302028
52,2016-01-26-46,1.0
53,2016-01-26-46,1.0
54,2016-01-26-46,1.0
55,2016-01-26-46,1.0
56,2016-01-26-46,1.0
57,2016-01-26-46,1.0
58,2016-01-26-46,1.0
59,2016-01-26-46,9.51122769241
60,2016-01-26-46,1.0
61,2016-01-26-46,1.0
62,2016-01-26-46,1.0
63,2016-01-26-46,1.0
64,2016-01-26-46,1.0
65,2016-01-26-46,1.0
66,2016-01-26-46,1.0
1,2016-01-26-58,3.90420612377
2,2016-01-26-58,1.0
3,2016-01-26-58,1.00505246326
4,2016-01-26-58,42.651132966
5,2016-01-26-58,1.0
6,2016-01-26-58,19.8734327462
7,2016-01-26-58,27.2579367922
8,2016-01-26-58,92.5191844004
9,2016-01-26-58,15.6507105421
10,2016-01-26-58,1.08664127592
11,2016-01-26-58,2.23563302871
12,2016-01-26-58,4.84290733664
13,2016-01-26-58,7.41178507428
14,2016-01-26-58,28.9102566156
15,2016-01-26-58,1.0
16,2016-01-26-58,7.68363727901
17,2016-01-26-58,1.00743324074
18,2016-01-26-58,1.08806116088
19,2016-01-26-58,1.57488879183
20,2016-01-26-58,6.59785589059
21,2016-01-26-58,1.57488879183
22,2016-01-26-58,7.53516835407
23,2016-01-26-58,92.5191844004
24,2016-01-26-58,58.7741382207
25,2016-01-26-58,27.7770132405
26,2016-01-26-58,32.9523815842
27,2016-01-26-58,8.05068534405
28,2016-01-26-58,8.50966832564
29,2016-01-26-58,4.42866803414
30,2016-01-26-58,1.00624716158
31,2016-01-26-58,8.47582970247
32,2016-01-26-58,1.0
33,2016-01-26-58,2.54115752666
34,2016-01-26-58,1.0
35,2016-01-26-58,1.0
36,2016-01-26-58,1.0
37,2016-01-26-58,92.5191844004
38,2016-01-26-58,4.40192010597
39,2016-01-26-58,1.0
40,2016-01-26-58,1.24391677722
41,2016-01-26-58,6.15609252759
42,2016-01-26-58,3.23654841792
43,2016-01-26-58,1.0
44,2016-01-26-58,1.0
45,2016-01-26-58,1.0
46,2016-01-26-58,57.8666584207
47,2016-01-26-58,2.88047088563
48,2016-01-26-58,6.4912939661
49,2016-01-26-58,1.67776914485
50,2016-01-26-58,1.0
51,2016-01-26-58,16.3212410937
52,2016-01-26-58,1.0
53,2016-01-26-58,4.79499840161
54,2016-01-26-58,1.0
55,2016-01-26-58,1.0
56,2016-01-26-58,1.08806116088
57,2016-01-26-58,1.0
58,2016-01-26-58,1.182592816
59,2016-01-26-58,1.0
60,2016-01-26-58,1.0
61,2016-01-26-58,1.0
62,2016-01-26-58,1.0
63,2016-01-26-58,1.0
64,2016-01-26-58,1.0
65,2016-01-26-58,1.17502595176
66,2016-01-26-58,1.0
1,2016-01-26-70,3.70067699094
2,2016-01-26-70,1.0
3,2016-01-26-70,1.00175620035
4,2016-01-26-70,9.0347525983
5,2016-01-26-70,1.0
6,2016-01-26-70,5.11046557542
7,2016-01-26-70,15.2933568381
8,2016-01-26-70,58.7741382207
9,2016-01-26-70,4.43206687704
10,2016-01-26-70,1.0
11,2016-01-26-70,2.54480120568
12,2016-01-26-70,15.9542530849
13,2016-01-26-70,2.21944464134
14,2016-01-26-70,13.7586214172
15,2016-01-26-70,1.0
16,2016-01-26-70,1.0
17,2016-01-26-70,1.0
18,2016-01-26-70,1.00505246326
19,2016-01-26-70,7.53856719698
20,2016-01-26-70,8.46828682081
21,2016-01-26-70,1.00267812812
22,2016-01-26-70,6.54473114076
23,2016-01-26-70,67.0431838246
24,2016-01-26-70,20.1786643105
25,2016-01-26-70,1.0
26,2016-01-26-70,2.86898000516
27,2016-01-26-70,9.50481903789
28,2016-01-26-70,9.69508946863
29,2016-01-26-70,6.09879641293
30,2016-01-26-70,1.0
31,2016-01-26-70,3.13493628235
32,2016-01-26-70,1.0
33,2016-01-26-70,1.00175620035
34,2016-01-26-70,1.01614716158
35,2016-01-26-70,1.0
36,2016-01-26-70,1.0
37,2016-01-26-70,52.9097441702
38,2016-01-26-70,1.20196596993
39,2016-01-26-70,1.0
40,2016-01-26-70,1.0
41,2016-01-26-70,2.53031703078
42,2016-01-26-70,15.6507105421
43,2016-01-26-70,1.0
44,2016-01-26-70,1.0
45,2016-01-26-70,1.0
46,2016-01-26-70,21.8309841338
47,2016-01-26-70,2.32515500056
48,2016-01-26-70,20.1786643105
49,2016-01-26-70,1.0
50,2016-01-26-70,1.0
51,2016-01-26-70,79.1471931414
52,2016-01-26-70,1.0
53,2016-01-26-70,1.01372673603
54,2016-01-26-70,1.0
55,2016-01-26-70,1.0
56,2016-01-26-70,1.0
57,2016-01-26-70,1.0
58,2016-01-26-70,1.74279642588
59,2016-01-26-70,1.0
60,2016-01-26-70,1.0
61,2016-01-26-70,1.0
62,2016-01-26-70,1.0
63,2016-01-26-70,1.0
64,2016-01-26-70,1.0
65,2016-01-26-70,1.0
66,2016-01-26-70,1.0
1,2016-01-26-82,3.05859919617
2,2016-01-26-82,1.0
3,2016-01-26-82,1.0
4,2016-01-26-82,7.84989649207
5,2016-01-26-82,1.0
6,2016-01-26-82,1.7892520588
7,2016-01-26-82,42.651132966
8,2016-01-26-82,92.5191844004
9,2016-01-26-82,3.43153210696
10,2016-01-26-82,1.0
11,2016-01-26-82,1.25640667025
12,2016-01-26-82,2.9152859078
13,2016-01-26-82,1.0
14,2016-01-26-82,28.2476713473
15,2016-01-26-82,1.0
16,2016-01-26-82,1.0
17,2016-01-26-82,1.0
18,2016-01-26-82,1.17912759174
19,2016-01-26-82,2.24115102928
20,2016-01-26-82,4.43206687704
21,2016-01-26-82,1.00248404115
22,2016-01-26-82,7.36620960848
23,2016-01-26-82,67.0431838246
24,2016-01-26-82,21.8309841338
25,2016-01-26-82,1.0
26,2016-01-26-82,4.31013763925
27,2016-01-26-82,7.68375018514
28,2016-01-26-82,5.67468644971
29,2016-01-26-82,7.11710346783
30,2016-01-26-82,1.00624716158
31,2016-01-26-82,1.17912759174
32,2016-01-26-82,1.0
33,2016-01-26-82,1.52601547126
34,2016-01-26-82,1.15834245209
35,2016-01-26-82,1.0
36,2016-01-26-82,1.0
37,2016-01-26-82,58.7741382207
38,2016-01-26-82,1.98306055675
39,2016-01-26-82,1.15608041262
40,2016-01-26-82,2.45099575385
41,2016-01-26-82,1.00624716158
42,2016-01-26-82,10.271842993
43,2016-01-26-82,1.0
44,2016-01-26-82,1.0
45,2016-01-26-82,1.0
46,2016-01-26-82,25.1740004573
47,2016-01-26-82,1.0
48,2016-01-26-82,58.7741382207
49,2016-01-26-82,1.0
50,2016-01-26-82,1.0
51,2016-01-26-82,92.5191844004
52,2016-01-26-82,1.0
53,2016-01-26-82,2.84288408638
54,2016-01-26-82,1.0
55,2016-01-26-82,1.0
56,2016-01-26-82,1.0
57,2016-01-26-82,1.0
58,2016-01-26-82,1.0
59,2016-01-26-82,1.0
60,2016-01-26-82,1.0
61,2016-01-26-82,1.0
62,2016-01-26-82,1.0
63,2016-01-26-82,1.0
64,2016-01-26-82,1.0
65,2016-01-26-82,1.0
66,2016-01-26-82,1.0
1,2016-01-26-94,3.28492256705
2,2016-01-26-94,1.0
3,2016-01-26-94,1.0
4,2016-01-26-94,2.21944464134
5,2016-01-26-94,1.0
6,2016-01-26-94,1.0
7,2016-01-26-94,40.864164681
8,2016-01-26-94,31.9475029744
9,2016-01-26-94,1.96802473723
10,2016-01-26-94,1.0
11,2016-01-26-94,1.0
12,2016-01-26-94,3.31270068199
13,2016-01-26-94,1.0
14,2016-01-26-94,14.2609437786
15,2016-01-26-94,1.0
16,2016-01-26-94,1.0
17,2016-01-26-94,1.0
18,2016-01-26-94,1.0
19,2016-01-26-94,1.00792837601
20,2016-01-26-94,2.22118710466
21,2016-01-26-94,1.00175620035
22,2016-01-26-94,5.88427140106
23,2016-01-26-94,25.9197828524
24,2016-01-26-94,9.50344409902
25,2016-01-26-94,1.08261756149
26,2016-01-26-94,2.68599198983
27,2016-01-26-94,5.9896581599
28,2016-01-26-94,5.41137644335
29,2016-01-26-94,1.00175620035
30,2016-01-26-94,1.0
31,2016-01-26-94,1.00077614076
32,2016-01-26-94,1.0
33,2016-01-26-94,1.00743324074
34,2016-01-26-94,1.0
35,2016-01-26-94,1.0
36,2016-01-26-94,1.0
37,2016-01-26-94,11.105316761
38,2016-01-26-94,2.00546011481
39,2016-01-26-94,1.0
40,2016-01-26-94,1.0
41,2016-01-26-94,1.0
42,2016-01-26-94,3.90972412434
43,2016-01-26-94,1.01091263252
44,2016-01-26-94,1.0
45,2016-01-26-94,1.0
46,2016-01-26-94,1.56665428743
47,2016-01-26-94,1.08806116088
48,2016-01-26-94,57.8666584207
49,2016-01-26-94,1.0
50,2016-01-26-94,1.0
51,2016-01-26-94,39.5423841054
52,2016-01-26-94,1.0
53,2016-01-26-94,1.0
54,2016-01-26-94,1.0
55,2016-01-26-94,1.0
56,2016-01-26-94,1.0
57,2016-01-26-94,1.0
58,2016-01-26-94,1.0
59,2016-01-26-94,1.0
60,2016-01-26-94,1.0
61,2016-01-26-94,1.0
62,2016-01-26-94,1.0
63,2016-01-26-94,1.00743324074
64,2016-01-26-94,1.0
65,2016-01-26-94,1.0
66,2016-01-26-94,1.0
1,2016-01-26-106,4.40378552052
2,2016-01-26-106,1.0
3,2016-01-26-106,1.0
4,2016-01-26-106,2.02969792249
5,2016-01-26-106,1.0
6,2016-01-26-106,1.51233663199
7,2016-01-26-106,92.5191844004
8,2016-01-26-106,92.5191844004
9,2016-01-26-106,1.1617968476
10,2016-01-26-106,1.0
11,2016-01-26-106,1.15863907067
12,2016-01-26-106,7.48415153287
13,2016-01-26-106,1.0
14,2016-01-26-106,34.0190426576
15,2016-01-26-106,1.0
16,2016-01-26-106,1.0
17,2016-01-26-106,1.0
18,2016-01-26-106,1.172692816
19,2016-01-26-106,1.52601547126
20,2016-01-26-106,4.43206687704
21,2016-01-26-106,1.11712988008
22,2016-01-26-106,13.5924222603
23,2016-01-26-106,92.5191844004
24,2016-01-26-106,2.62993286369
25,2016-01-26-106,1.0
26,2016-01-26-106,2.63465656057
27,2016-01-26-106,6.18488603427
28,2016-01-26-106,18.8785995795
29,2016-01-26-106,8.39447797363
30,2016-01-26-106,1.0
31,2016-01-26-106,1.0
32,2016-01-26-106,1.0
33,2016-01-26-106,1.0
34,2016-01-26-106,1.0
35,2016-01-26-106,1.3275482976
36,2016-01-26-106,1.0
37,2016-01-26-106,14.9271393768
38,2016-01-26-106,1.0
39,2016-01-26-106,1.08686646256
40,2016-01-26-106,1.0
41,2016-01-26-106,1.0
42,2016-01-26-106,2.54667552723
43,2016-01-26-106,1.0
44,2016-01-26-106,1.0
45,2016-01-26-106,1.0
46,2016-01-26-106,3.05859919617
47,2016-01-26-106,1.0
48,2016-01-26-106,92.5191844004
49,2016-01-26-106,1.0
50,2016-01-26-106,1.0
51,2016-01-26-106,92.5191844004
52,2016-01-26-106,1.0
53,2016-01-26-106,1.0
54,2016-01-26-106,1.36169135621
55,2016-01-26-106,1.0
56,2016-01-26-106,1.0
57,2016-01-26-106,1.0
58,2016-01-26-106,1.0
59,2016-01-26-106,1.0
60,2016-01-26-106,1.0
61,2016-01-26-106,1.0
62,2016-01-26-106,1.0
63,2016-01-26-106,1.0
64,2016-01-26-106,1.0
65,2016-01-26-106,1.0
66,2016-01-26-106,1.0
1,2016-01-26-118,3.31403066435
2,2016-01-26-118,1.0
3,2016-01-26-118,1.0
4,2016-01-26-118,1.71809706681
5,2016-01-26-118,1.0
6,2016-01-26-118,1.0
7,2016-01-26-118,34.0190426576
8,2016-01-26-118,12.5370584999
9,2016-01-26-118,2.02743325249
10,2016-01-26-118,1.0
11,2016-01-26-118,1.0
12,2016-01-26-118,2.8859888862
13,2016-01-26-118,1.0
14,2016-01-26-118,2.0252430741
15,2016-01-26-118,1.0
16,2016-01-26-118,1.0
17,2016-01-26-118,1.0
18,2016-01-26-118,1.0
19,2016-01-26-118,1.18641015619
20,2016-01-26-118,4.3987844662
21,2016-01-26-118,1.37607498568
22,2016-01-26-118,10.1651559082
23,2016-01-26-118,12.5370584999
24,2016-01-26-118,1.63962952533
25,2016-01-26-118,1.00743324074
26,2016-01-26-118,9.75328351155
27,2016-01-26-118,3.10251712128
28,2016-01-26-118,4.68300745164
29,2016-01-26-118,1.00175620035
30,2016-01-26-118,1.0
31,2016-01-26-118,1.00175620035
32,2016-01-26-118,1.0
33,2016-01-26-118,1.0
34,2016-01-26-118,1.0
35,2016-01-26-118,4.37438267686
36,2016-01-26-118,1.0
37,2016-01-26-118,4.40378552052
38,2016-01-26-118,1.0
39,2016-01-26-118,1.0
40,2016-01-26-118,1.0
41,2016-01-26-118,1.0
42,2016-01-26-118,2.24115102928
43,2016-01-26-118,1.0
44,2016-01-26-118,1.0
45,2016-01-26-118,1.0
46,2016-01-26-118,3.74308053576
47,2016-01-26-118,1.0
48,2016-01-26-118,8.21622685954
49,2016-01-26-118,1.0
50,2016-01-26-118,1.0
51,2016-01-26-118,48.5643162826
52,2016-01-26-118,1.0
53,2016-01-26-118,1.0
54,2016-01-26-118,1.0
55,2016-01-26-118,1.0
56,2016-01-26-118,1.0
57,2016-01-26-118,1.0
58,2016-01-26-118,1.0
59,2016-01-26-118,1.0
60,2016-01-26-118,1.0
61,2016-01-26-118,1.0
62,2016-01-26-118,1.0
63,2016-01-26-118,1.0
64,2016-01-26-118,1.0
65,2016-01-26-118,1.0
66,2016-01-26-118,1.0
1,2016-01-26-130,4.84630617955
2,2016-01-26-130,1.0
3,2016-01-26-130,1.0
4,2016-01-26-130,7.53398782468
5,2016-01-26-130,1.0
6,2016-01-26-130,1.0
7,2016-01-26-130,53.2149757344
8,2016-01-26-130,67.0431838246
9,2016-01-26-130,1.0
10,2016-01-26-130,1.0
11,2016-01-26-130,1.0
12,2016-01-26-130,3.40025633693
13,2016-01-26-130,1.0
14,2016-01-26-130,4.84428311832
15,2016-01-26-130,1.0
16,2016-01-26-130,1.0
17,2016-01-26-130,1.0
18,2016-01-26-130,1.0
19,2016-01-26-130,1.01820948102
20,2016-01-26-130,6.14185842114
21,2016-01-26-130,1.71809706681
22,2016-01-26-130,9.90551262548
23,2016-01-26-130,21.8309841338
24,2016-01-26-130,1.41600901165
25,2016-01-26-130,1.0
26,2016-01-26-130,9.53058678867
27,2016-01-26-130,7.48415153287
28,2016-01-26-130,12.8907141489
29,2016-01-26-130,1.12218721021
30,2016-01-26-130,1.0
31,2016-01-26-130,1.17502595176
32,2016-01-26-130,1.0
33,2016-01-26-130,1.0
34,2016-01-26-130,1.02001230065
35,2016-01-26-130,1.71809706681
36,2016-01-26-130,1.0
37,2016-01-26-130,13.4012677132
38,2016-01-26-130,1.0
39,2016-01-26-130,1.0
40,2016-01-26-130,1.0
41,2016-01-26-130,1.0
42,2016-01-26-130,2.76052918702
43,2016-01-26-130,1.0
44,2016-01-26-130,1.0
45,2016-01-26-130,1.0
46,2016-01-26-130,4.64770197957
47,2016-01-26-130,1.0
48,2016-01-26-130,28.9102566156
49,2016-01-26-130,1.0
50,2016-01-26-130,1.0
51,2016-01-26-130,92.5191844004
52,2016-01-26-130,1.0
53,2016-01-26-130,1.0
54,2016-01-26-130,1.0
55,2016-01-26-130,1.0
56,2016-01-26-130,1.0
57,2016-01-26-130,1.0
58,2016-01-26-130,1.0
59,2016-01-26-130,1.0
60,2016-01-26-130,1.0
61,2016-01-26-130,1.0
62,2016-01-26-130,1.0
63,2016-01-26-130,1.0
64,2016-01-26-130,1.0
65,2016-01-26-130,1.0
66,2016-01-26-130,1.0
1,2016-01-26-142,3.31067762077
2,2016-01-26-142,1.0
3,2016-01-26-142,1.0
4,2016-01-26-142,1.17126283132
5,2016-01-26-142,1.0
6,2016-01-26-142,1.0
7,2016-01-26-142,3.37327335265
8,2016-01-26-142,7.84989649207
9,2016-01-26-142,1.0
10,2016-01-26-142,1.0
11,2016-01-26-142,1.0015573121
12,2016-01-26-142,9.3103259343
13,2016-01-26-142,1.0
14,2016-01-26-142,1.83465727826
15,2016-01-26-142,1.0
16,2016-01-26-142,1.0
17,2016-01-26-142,1.0
18,2016-01-26-142,1.0
19,2016-01-26-142,1.77521477776
20,2016-01-26-142,1.55625378072
21,2016-01-26-142,1.0
22,2016-01-26-142,3.06172492385
23,2016-01-26-142,9.43644320838
24,2016-01-26-142,1.47660900185
25,2016-01-26-142,1.0
26,2016-01-26-142,1.38786608752
27,2016-01-26-142,2.23912796806
28,2016-01-26-142,6.13481449037
29,2016-01-26-142,1.0
30,2016-01-26-142,1.0
31,2016-01-26-142,1.0
32,2016-01-26-142,1.0
33,2016-01-26-142,1.00505246326
34,2016-01-26-142,1.0
35,2016-01-26-142,1.0
36,2016-01-26-142,1.0
37,2016-01-26-142,2.0224032839
38,2016-01-26-142,1.0
39,2016-01-26-142,1.17502595176
40,2016-01-26-142,1.0
41,2016-01-26-142,1.0
42,2016-01-26-142,1.80258788225
43,2016-01-26-142,1.0
44,2016-01-26-142,1.0
45,2016-01-26-142,1.0
46,2016-01-26-142,1.17670716619
47,2016-01-26-142,1.0
48,2016-01-26-142,9.89587832061
49,2016-01-26-142,1.0
50,2016-01-26-142,1.0
51,2016-01-26-142,53.2149757344
52,2016-01-26-142,1.0
53,2016-01-26-142,1.0
54,2016-01-26-142,1.0
55,2016-01-26-142,1.0
56,2016-01-26-142,1.0
57,2016-01-26-142,1.0
58,2016-01-26-142,1.0
59,2016-01-26-142,1.0
60,2016-01-26-142,1.00743324074
61,2016-01-26-142,1.0
62,2016-01-26-142,1.0
63,2016-01-26-142,1.0
64,2016-01-26-142,1.0
65,2016-01-26-142,1.0
66,2016-01-26-142,1.0
1,2016-01-28-58,3.93481245557
2,2016-01-28-58,1.0
3,2016-01-28-58,1.0
4,2016-01-28-58,38.6510675837
5,2016-01-28-58,2.21566910409
6,2016-01-28-58,12.527424195
7,2016-01-28-58,26.9527052279
8,2016-01-28-58,91.6117046004
9,2016-01-28-58,5.03510778805
10,2016-01-28-58,1.0
11,2016-01-28-58,1.17670716619
12,2016-01-28-58,3.73102281877
13,2016-01-28-58,1.0
14,2016-01-28-58,26.3106645544
15,2016-01-28-58,1.0
16,2016-01-28-58,5.01060828339
17,2016-01-28-58,1.0
18,2016-01-28-58,2.75342146869
19,2016-01-28-58,1.07099038697
20,2016-01-28-58,3.30498628619
21,2016-01-28-58,1.72664246542
22,2016-01-28-58,5.98625931699
23,2016-01-28-58,91.6117046004
24,2016-01-28-58,57.8666584207
25,2016-01-28-58,14.1038950027
26,2016-01-28-58,9.70497035672
27,2016-01-28-58,7.46653901279
28,2016-01-28-58,7.52614585177
29,2016-01-28-58,2.88047088563
30,2016-01-28-58,1.0
31,2016-01-28-58,3.02449792503
32,2016-01-28-58,1.0
33,2016-01-28-58,1.0
34,2016-01-28-58,1.0
35,2016-01-28-58,1.0
36,2016-01-28-58,1.0
37,2016-01-28-58,92.5191844004
38,2016-01-28-58,3.44514214509
39,2016-01-28-58,1.0
40,2016-01-28-58,2.21364604287
41,2016-01-28-58,1.17912759174
42,2016-01-28-58,6.4912939661
43,2016-01-28-58,1.0
44,2016-01-28-58,1.0
45,2016-01-28-58,1.0
46,2016-01-28-58,57.8666584207
47,2016-01-28-58,1.17912759174
48,2016-01-28-58,9.12983971152
49,2016-01-28-58,1.97997818961
50,2016-01-28-58,1.0
51,2016-01-28-58,52.9097441702
52,2016-01-28-58,1.0
53,2016-01-28-58,7.73137783375
54,2016-01-28-58,1.11168554521
55,2016-01-28-58,1.0
56,2016-01-28-58,1.0
57,2016-01-28-58,1.0
58,2016-01-28-58,1.25328090147
59,2016-01-28-58,1.0
60,2016-01-28-58,1.0
61,2016-01-28-58,1.0
62,2016-01-28-58,1.0
63,2016-01-28-58,1.0
64,2016-01-28-58,1.0
65,2016-01-28-58,1.0
66,2016-01-28-58,1.0
1,2016-01-28-70,2.89441080317
2,2016-01-28-70,1.0
3,2016-01-28-70,1.0
4,2016-01-28-70,1.78064683322
5,2016-01-28-70,1.0
6,2016-01-28-70,1.3275482976
7,2016-01-28-70,14.9270264707
8,2016-01-28-70,47.401364603
9,2016-01-28-70,1.98306055675
10,2016-01-28-70,1.0
11,2016-01-28-70,1.0
12,2016-01-28-70,2.38737410267
13,2016-01-28-70,1.0
14,2016-01-28-70,9.75400120912
15,2016-01-28-70,1.0
16,2016-01-28-70,1.0
17,2016-01-28-70,1.0
18,2016-01-28-70,1.16421727315
19,2016-01-28-70,1.56111112179
20,2016-01-28-70,1.1908273204
21,2016-01-28-70,1.06265816461
22,2016-01-28-70,7.81984991867
23,2016-01-28-70,92.5191844004
24,2016-01-28-70,13.6020565652
25,2016-01-28-70,1.0
26,2016-01-28-70,2.16686944922
27,2016-01-28-70,7.68363727901
28,2016-01-28-70,4.43356949712
29,2016-01-28-70,5.60660431772
30,2016-01-28-70,1.0
31,2016-01-28-70,2.2248889762
32,2016-01-28-70,1.0
33,2016-01-28-70,1.26233082098
34,2016-01-28-70,1.0
35,2016-01-28-70,1.14069500173
36,2016-01-28-70,1.0
37,2016-01-28-70,19.4190262624
38,2016-01-28-70,1.00175620035
39,2016-01-28-70,1.0
40,2016-01-28-70,1.0
41,2016-01-28-70,1.58208137986
42,2016-01-28-70,6.23492436603
43,2016-01-28-70,1.0
44,2016-01-28-70,1.0
45,2016-01-28-70,1.0
46,2016-01-28-70,4.27483216718
47,2016-01-28-70,3.01098398333
48,2016-01-28-70,6.86102317648
49,2016-01-28-70,1.0
50,2016-01-28-70,1.0
51,2016-01-28-70,67.0431838246
52,2016-01-28-70,1.0
53,2016-01-28-70,1.15834245209
54,2016-01-28-70,1.0
55,2016-01-28-70,1.0
56,2016-01-28-70,1.0
57,2016-01-28-70,1.0
58,2016-01-28-70,1.35218344319
59,2016-01-28-70,1.0
60,2016-01-28-70,1.0
61,2016-01-28-70,1.0
62,2016-01-28-70,1.0
63,2016-01-28-70,1.0
64,2016-01-28-70,1.0
65,2016-01-28-70,1.0
66,2016-01-28-70,1.0
1,2016-01-28-82,3.05859919617
2,2016-01-28-82,1.0
3,2016-01-28-82,1.0
4,2016-01-28-82,5.03940179008
5,2016-01-28-82,1.0
6,2016-01-28-82,2.57384723116
7,2016-01-28-82,13.7586214172
8,2016-01-28-82,58.7741382207
9,2016-01-28-82,1.00248404115
10,2016-01-28-82,1.0
11,2016-01-28-82,1.0
12,2016-01-28-82,3.31067762077
13,2016-01-28-82,1.0
14,2016-01-28-82,2.45358410599
15,2016-01-28-82,1.0
16,2016-01-28-82,1.8134726728
17,2016-01-28-82,1.0
18,2016-01-28-82,1.52057113639
19,2016-01-28-82,1.1809273204
20,2016-01-28-82,2.24115102928
21,2016-01-28-82,1.03281745443
22,2016-01-28-82,7.93419438911
23,2016-01-28-82,33.7138110933
24,2016-01-28-82,24.2355003726
25,2016-01-28-82,1.0
26,2016-01-28-82,6.23492436603
27,2016-01-28-82,7.11710346783
28,2016-01-28-82,4.43206687704
29,2016-01-28-82,4.81353311009
30,2016-01-28-82,1.0
31,2016-01-28-82,1.66548512146
32,2016-01-28-82,1.0
33,2016-01-28-82,1.0
34,2016-01-28-82,1.25640667025
35,2016-01-28-82,2.17072664086
36,2016-01-28-82,1.0
37,2016-01-28-82,34.0190426576
38,2016-01-28-82,1.0
39,2016-01-28-82,1.0
40,2016-01-28-82,2.22118710466
41,2016-01-28-82,1.0
42,2016-01-28-82,2.24485290083
43,2016-01-28-82,1.0
44,2016-01-28-82,1.0
45,2016-01-28-82,1.0
46,2016-01-28-82,5.75545694751
47,2016-01-28-82,2.21944464134
48,2016-01-28-82,7.11710346783
49,2016-01-28-82,1.0
50,2016-01-28-82,1.0
51,2016-01-28-82,26.2290211565
52,2016-01-28-82,1.00175620035
53,2016-01-28-82,2.43064266011
54,2016-01-28-82,1.0
55,2016-01-28-82,1.0
56,2016-01-28-82,1.0
57,2016-01-28-82,1.0
58,2016-01-28-82,1.52601547126
59,2016-01-28-82,1.0
60,2016-01-28-82,1.0
61,2016-01-28-82,1.0
62,2016-01-28-82,1.0
63,2016-01-28-82,1.0
64,2016-01-28-82,1.0
65,2016-01-28-82,1.0
66,2016-01-28-82,1.0
1,2016-01-28-94,3.06604379478
2,2016-01-28-94,1.0
3,2016-01-28-94,1.0
4,2016-01-28-94,2.8859888862
5,2016-01-28-94,1.0
6,2016-01-28-94,1.0
7,2016-01-28-94,53.2149757344
8,2016-01-28-94,57.8666584207
9,2016-01-28-94,1.0
10,2016-01-28-94,1.0
11,2016-01-28-94,1.0
12,2016-01-28-94,2.60122776246
13,2016-01-28-94,1.00743324074
14,2016-01-28-94,5.88427140106
15,2016-01-28-94,1.0
16,2016-01-28-94,1.0
17,2016-01-28-94,1.0
18,2016-01-28-94,1.0
19,2016-01-28-94,1.00028390348
20,2016-01-28-94,1.52057113639
21,2016-01-28-94,1.0
22,2016-01-28-94,6.15621549811
23,2016-01-28-94,57.8666584207
24,2016-01-28-94,4.25245343907
25,2016-01-28-94,1.0
26,2016-01-28-94,2.02037081625
27,2016-01-28-94,7.30434108148
28,2016-01-28-94,4.40531894888
29,2016-01-28-94,1.0
30,2016-01-28-94,1.0
31,2016-01-28-94,1.0
32,2016-01-28-94,1.0
33,2016-01-28-94,1.0
34,2016-01-28-94,1.0
35,2016-01-28-94,1.0
36,2016-01-28-94,1.00483365582
37,2016-01-28-94,14.6449625327
38,2016-01-28-94,1.0
39,2016-01-28-94,1.0
40,2016-01-28-94,1.0
41,2016-01-28-94,1.0
42,2016-01-28-94,2.60122776246
43,2016-01-28-94,1.0
44,2016-01-28-94,1.0
45,2016-01-28-94,1.0
46,2016-01-28-94,1.26557696418
47,2016-01-28-94,1.0
48,2016-01-28-94,57.8666584207
49,2016-01-28-94,1.0
50,2016-01-28-94,1.0
51,2016-01-28-94,91.6117046004
52,2016-01-28-94,1.0
53,2016-01-28-94,1.0
54,2016-01-28-94,1.0
55,2016-01-28-94,1.0
56,2016-01-28-94,1.0
57,2016-01-28-94,1.0
58,2016-01-28-94,1.0
59,2016-01-28-94,1.0
60,2016-01-28-94,1.0
61,2016-01-28-94,1.0
62,2016-01-28-94,1.0
63,2016-01-28-94,1.0
64,2016-01-28-94,1.0
65,2016-01-28-94,1.0
66,2016-01-28-94,1.0
1,2016-01-28-106,5.08153424409
2,2016-01-28-106,1.0
3,2016-01-28-106,1.0
4,2016-01-28-106,2.43266572134
5,2016-01-28-106,1.0
6,2016-01-28-106,1.0
7,2016-01-28-106,92.5191844004
8,2016-01-28-106,92.5191844004
9,2016-01-28-106,1.19627165527
10,2016-01-28-106,1.0
11,2016-01-28-106,1.00028390348
12,2016-01-28-106,4.62032829695
13,2016-01-28-106,1.0
14,2016-01-28-106,26.5217823433
15,2016-01-28-106,1.0
16,2016-01-28-106,1.0
17,2016-01-28-106,1.0
18,2016-01-28-106,1.0
19,2016-01-28-106,1.36586228246
20,2016-01-28-106,3.05859919617
21,2016-01-28-106,2.29170316017
22,2016-01-28-106,14.9270264707
23,2016-01-28-106,92.5191844004
24,2016-01-28-106,5.86287039331
25,2016-01-28-106,1.14969361917
26,2016-01-28-106,1.3275482976
27,2016-01-28-106,9.69508946863
28,2016-01-28-106,12.6899252969
29,2016-01-28-106,1.15179991991
30,2016-01-28-106,1.0
31,2016-01-28-106,1.17502595176
32,2016-01-28-106,1.0
33,2016-01-28-106,1.0
34,2016-01-28-106,1.0
35,2016-01-28-106,2.42210938187
36,2016-01-28-106,1.16986801544
37,2016-01-28-106,32.9523815842
38,2016-01-28-106,1.0
39,2016-01-28-106,1.0
40,2016-01-28-106,1.0
41,2016-01-28-106,1.0
42,2016-01-28-106,2.76052918702
43,2016-01-28-106,1.0
44,2016-01-28-106,1.0
45,2016-01-28-106,1.0
46,2016-01-28-106,5.9896581599
47,2016-01-28-106,1.0
48,2016-01-28-106,92.5191844004
49,2016-01-28-106,1.0
50,2016-01-28-106,1.0
51,2016-01-28-106,92.5191844004
52,2016-01-28-106,1.0
53,2016-01-28-106,1.0
54,2016-01-28-106,1.0
55,2016-01-28-106,1.0
56,2016-01-28-106,1.02220652707
57,2016-01-28-106,1.0
58,2016-01-28-106,1.0
59,2016-01-28-106,1.0
60,2016-01-28-106,1.0
61,2016-01-28-106,1.0
62,2016-01-28-106,1.0
63,2016-01-28-106,1.0
64,2016-01-28-106,1.0
65,2016-01-28-106,1.0
66,2016-01-28-106,1.0
1,2016-01-28-118,4.43356949712
2,2016-01-28-118,1.0
3,2016-01-28-118,1.0
4,2016-01-28-118,7.4699378557
5,2016-01-28-118,1.0
6,2016-01-28-118,1.0
7,2016-01-28-118,58.7741382207
8,2016-01-28-118,58.7741382207
9,2016-01-28-118,1.17126283132
10,2016-01-28-118,1.0
11,2016-01-28-118,1.0
12,2016-01-28-118,2.8859888862
13,2016-01-28-118,1.0
14,2016-01-28-118,5.49214694115
15,2016-01-28-118,1.0
16,2016-01-28-118,1.0
17,2016-01-28-118,1.0
18,2016-01-28-118,1.0
19,2016-01-28-118,1.51233663199
20,2016-01-28-118,4.43206687704
21,2016-01-28-118,1.52057113639
22,2016-01-28-118,9.90551262548
23,2016-01-28-118,34.0190426576
24,2016-01-28-118,2.0252430741
25,2016-01-28-118,1.0
26,2016-01-28-118,10.0850537533
27,2016-01-28-118,6.49469280901
28,2016-01-28-118,5.9896581599
29,2016-01-28-118,1.71265273195
30,2016-01-28-118,1.0
31,2016-01-28-118,1.0
32,2016-01-28-118,1.0
33,2016-01-28-118,1.0
34,2016-01-28-118,1.0
35,2016-01-28-118,7.78563690412
36,2016-01-28-118,1.0
37,2016-01-28-118,9.43644320838
38,2016-01-28-118,1.0
39,2016-01-28-118,1.0
40,2016-01-28-118,1.0
41,2016-01-28-118,1.0
42,2016-01-28-118,2.59373904955
43,2016-01-28-118,1.0
44,2016-01-28-118,1.0
45,2016-01-28-118,1.0
46,2016-01-28-118,3.20372890202
47,2016-01-28-118,1.0
48,2016-01-28-118,16.3212410937
49,2016-01-28-118,1.0
50,2016-01-28-118,1.0
51,2016-01-28-118,91.6117046004
52,2016-01-28-118,1.0
53,2016-01-28-118,1.97092541866
54,2016-01-28-118,1.00403460859
55,2016-01-28-118,1.0
56,2016-01-28-118,1.0
57,2016-01-28-118,1.0
58,2016-01-28-118,1.0
59,2016-01-28-118,1.0
60,2016-01-28-118,1.0
61,2016-01-28-118,1.0
62,2016-01-28-118,1.0
63,2016-01-28-118,1.0
64,2016-01-28-118,1.0
65,2016-01-28-118,1.0
66,2016-01-28-118,1.0
1,2016-01-28-130,5.91848333774
2,2016-01-28-130,1.0
3,2016-01-28-130,1.172692816
4,2016-01-28-130,14.6442463297
5,2016-01-28-130,1.0
6,2016-01-28-130,1.0
7,2016-01-28-130,80.0926191296
8,2016-01-28-130,91.6117046004
9,2016-01-28-130,1.0
10,2016-01-28-130,1.0
11,2016-01-28-130,1.0
12,2016-01-28-130,4.00323185464
13,2016-01-28-130,1.0
14,2016-01-28-130,16.6227746031
15,2016-01-28-130,1.0
16,2016-01-28-130,1.0
17,2016-01-28-130,1.0
18,2016-01-28-130,1.0
19,2016-01-28-130,1.35218344319
20,2016-01-28-130,24.9517854044
21,2016-01-28-130,1.00743324074
22,2016-01-28-130,9.96436705625
23,2016-01-28-130,34.0190426576
24,2016-01-28-130,2.24115102928
25,2016-01-28-130,1.0
26,2016-01-28-130,6.37074050999
27,2016-01-28-130,2.8859888862
28,2016-01-28-130,92.5191844004
29,2016-01-28-130,1.0
30,2016-01-28-130,1.0
31,2016-01-28-130,1.0
32,2016-01-28-130,1.0
33,2016-01-28-130,1.0
34,2016-01-28-130,1.0
35,2016-01-28-130,3.70067699094
36,2016-01-28-130,1.0
37,2016-01-28-130,21.5257525696
38,2016-01-28-130,1.0
39,2016-01-28-130,1.0
40,2016-01-28-130,1.0
41,2016-01-28-130,1.0
42,2016-01-28-130,2.24115102928
43,2016-01-28-130,1.0
44,2016-01-28-130,1.0
45,2016-01-28-130,1.0
46,2016-01-28-130,5.41137644335
47,2016-01-28-130,1.0
48,2016-01-28-130,92.5191844004
49,2016-01-28-130,1.0
50,2016-01-28-130,1.0
51,2016-01-28-130,92.5191844004
52,2016-01-28-130,1.0
53,2016-01-28-130,1.0
54,2016-01-28-130,1.0
55,2016-01-28-130,1.0
56,2016-01-28-130,1.0
57,2016-01-28-130,1.0
58,2016-01-28-130,1.0
59,2016-01-28-130,1.0
60,2016-01-28-130,1.0
61,2016-01-28-130,1.0
62,2016-01-28-130,1.0
63,2016-01-28-130,1.0
64,2016-01-28-130,1.0
65,2016-01-28-130,1.0
66,2016-01-28-130,1.0
1,2016-01-28-142,11.9603049755
2,2016-01-28-142,1.0
3,2016-01-28-142,1.0
4,2016-01-28-142,1.17502595176
5,2016-01-28-142,1.0
6,2016-01-28-142,1.0
7,2016-01-28-142,13.6020565652
8,2016-01-28-142,8.86849338523
9,2016-01-28-142,1.0
10,2016-01-28-142,1.0
11,2016-01-28-142,1.0015573121
12,2016-01-28-142,17.4191477544
13,2016-01-28-142,1.0
14,2016-01-28-142,2.38737410267
15,2016-01-28-142,1.0
16,2016-01-28-142,1.0
17,2016-01-28-142,1.0
18,2016-01-28-142,1.0
19,2016-01-28-142,1.0
20,2016-01-28-142,1.72455349473
21,2016-01-28-142,1.0
22,2016-01-28-142,9.70472377351
23,2016-01-28-142,19.5160790423
24,2016-01-28-142,1.5542496365
25,2016-01-28-142,1.0
26,2016-01-28-142,1.00028390348
27,2016-01-28-142,3.54292067097
28,2016-01-28-142,3.06172492385
29,2016-01-28-142,1.0
30,2016-01-28-142,1.0
31,2016-01-28-142,1.0
32,2016-01-28-142,1.0
33,2016-01-28-142,1.0
34,2016-01-28-142,1.0
35,2016-01-28-142,1.0
36,2016-01-28-142,1.0
37,2016-01-28-142,2.8859888862
38,2016-01-28-142,1.0
39,2016-01-28-142,1.00624716158
40,2016-01-28-142,1.0
41,2016-01-28-142,1.0
42,2016-01-28-142,2.16686944922
43,2016-01-28-142,1.0
44,2016-01-28-142,1.0
45,2016-01-28-142,1.0
46,2016-01-28-142,2.11192406793
47,2016-01-28-142,1.00028390348
48,2016-01-28-142,9.90551262548
49,2016-01-28-142,1.0
50,2016-01-28-142,1.0
51,2016-01-28-142,91.6117046004
52,2016-01-28-142,1.0
53,2016-01-28-142,1.0
54,2016-01-28-142,1.0
55,2016-01-28-142,1.0
56,2016-01-28-142,1.0
57,2016-01-28-142,1.0
58,2016-01-28-142,1.0
59,2016-01-28-142,1.0
60,2016-01-28-142,1.0
61,2016-01-28-142,1.0
62,2016-01-28-142,1.0
63,2016-01-28-142,1.0
64,2016-01-28-142,1.0
65,2016-01-28-142,1.0
66,2016-01-28-142,1.0
1,2016-01-30-46,19.1498615809
2,2016-01-30-46,1.0
3,2016-01-30-46,1.0
4,2016-01-30-46,5.32358526859
5,2016-01-30-46,1.0
6,2016-01-30-46,3.69727814804
7,2016-01-30-46,12.1707281324
8,2016-01-30-46,34.0190426576
9,2016-01-30-46,1.02366707436
10,2016-01-30-46,1.0
11,2016-01-30-46,2.55635772068
12,2016-01-30-46,7.53058898177
13,2016-01-30-46,1.0
14,2016-01-30-46,19.9517565633
15,2016-01-30-46,1.0
16,2016-01-30-46,1.36676891084
17,2016-01-30-46,1.0
18,2016-01-30-46,1.17912759174
19,2016-01-30-46,1.37054775011
20,2016-01-30-46,4.42866803414
21,2016-01-30-46,2.96260983421
22,2016-01-30-46,1.97256312092
23,2016-01-30-46,40.864164681
24,2016-01-30-46,19.5160790423
25,2016-01-30-46,1.0
26,2016-01-30-46,5.97187471307
27,2016-01-30-46,5.48874809824
28,2016-01-30-46,19.5160790423
29,2016-01-30-46,3.30380635581
30,2016-01-30-46,1.0
31,2016-01-30-46,1.00077614076
32,2016-01-30-46,1.0
33,2016-01-30-46,1.0
34,2016-01-30-46,1.0
35,2016-01-30-46,1.0
36,2016-01-30-46,5.55449006006
37,2016-01-30-46,13.5924222603
38,2016-01-30-46,1.51601547126
39,2016-01-30-46,1.0
40,2016-01-30-46,1.0
41,2016-01-30-46,1.0
42,2016-01-30-46,9.69508946863
43,2016-01-30-46,1.0
44,2016-01-30-46,1.0
45,2016-01-30-46,1.0
46,2016-01-30-46,19.5160790423
47,2016-01-30-46,1.00624716158
48,2016-01-30-46,40.5589331167
49,2016-01-30-46,1.0
50,2016-01-30-46,1.0
51,2016-01-30-46,27.7770132405
52,2016-01-30-46,1.0
53,2016-01-30-46,1.0
54,2016-01-30-46,1.0
55,2016-01-30-46,1.0
56,2016-01-30-46,1.0
57,2016-01-30-46,1.0
58,2016-01-30-46,1.16576637546
59,2016-01-30-46,1.0
60,2016-01-30-46,1.0
61,2016-01-30-46,1.0
62,2016-01-30-46,1.0
63,2016-01-30-46,1.0
64,2016-01-30-46,1.0
65,2016-01-30-46,1.0
66,2016-01-30-46,1.0
1,2016-01-30-58,3.0530811956
2,2016-01-30-58,1.0
3,2016-01-30-58,1.0
4,2016-01-30-58,1.38226460395
5,2016-01-30-58,1.16115849622
6,2016-01-30-58,1.17670716619
7,2016-01-30-58,5.34479845113
8,2016-01-30-58,34.0190426576
9,2016-01-30-58,1.17670716619
10,2016-01-30-58,1.0
11,2016-01-30-58,1.0
12,2016-01-30-58,1.41473560303
13,2016-01-30-58,1.0
14,2016-01-30-58,6.13845957823
15,2016-01-30-58,1.0
16,2016-01-30-58,1.0
17,2016-01-30-58,1.0
18,2016-01-30-58,1.0
19,2016-01-30-58,2.54579205996
20,2016-01-30-58,2.56000573713
21,2016-01-30-58,1.07099038697
22,2016-01-30-58,7.48284842703
23,2016-01-30-58,34.0190426576
24,2016-01-30-58,9.75400120912
25,2016-01-30-58,1.0
26,2016-01-30-58,4.39538562329
27,2016-01-30-58,7.41879845805
28,2016-01-30-58,4.42866803414
29,2016-01-30-58,2.86346200459
30,2016-01-30-58,1.0
31,2016-01-30-58,1.00248404115
32,2016-01-30-58,1.0
33,2016-01-30-58,1.0
34,2016-01-30-58,1.0
35,2016-01-30-58,1.0
36,2016-01-30-58,1.0
37,2016-01-30-58,26.216550779
38,2016-01-30-58,2.18675970814
39,2016-01-30-58,1.0
40,2016-01-30-58,1.36084476011
41,2016-01-30-58,1.17670716619
42,2016-01-30-58,1.57488879183
43,2016-01-30-58,1.0
44,2016-01-30-58,1.0
45,2016-01-30-58,1.0
46,2016-01-30-58,67.9506636246
47,2016-01-30-58,7.08830996114
48,2016-01-30-58,3.24582611429
49,2016-01-30-58,1.0
50,2016-01-30-58,1.0
51,2016-01-30-58,7.48075268996
52,2016-01-30-58,1.0
53,2016-01-30-58,1.0
54,2016-01-30-58,1.0
55,2016-01-30-58,1.0
56,2016-01-30-58,1.0
57,2016-01-30-58,1.0
58,2016-01-30-58,1.0
59,2016-01-30-58,1.0
60,2016-01-30-58,1.0
61,2016-01-30-58,1.0
62,2016-01-30-58,1.0
63,2016-01-30-58,1.0
64,2016-01-30-58,1.0
65,2016-01-30-58,1.0
66,2016-01-30-58,1.0
1,2016-01-30-70,1.11406920905
2,2016-01-30-70,1.0
3,2016-01-30-70,1.0
4,2016-01-30-70,5.10140802946
5,2016-01-30-70,1.0
6,2016-01-30-70,1.76505385587
7,2016-01-30-70,25.6596795175
8,2016-01-30-70,92.5191844004
9,2016-01-30-70,1.36084476011
10,2016-01-30-70,2.74136058119
11,2016-01-30-70,1.0
12,2016-01-30-70,2.12898177047
13,2016-01-30-70,1.0
14,2016-01-30-70,12.5370584999
15,2016-01-30-70,1.0
16,2016-01-30-70,1.0
17,2016-01-30-70,1.00175620035
18,2016-01-30-70,1.67776914485
19,2016-01-30-70,1.01115655835
20,2016-01-30-70,13.226204799
21,2016-01-30-70,1.17670716619
22,2016-01-30-70,10.0232787967
23,2016-01-30-70,58.7741382207
24,2016-01-30-70,28.2107326714
25,2016-01-30-70,1.0
26,2016-01-30-70,7.4699378557
27,2016-01-30-70,5.96852166949
28,2016-01-30-70,4.37303903775
29,2016-01-30-70,6.53300481539
30,2016-01-30-70,1.0
31,2016-01-30-70,2.24485290083
32,2016-01-30-70,1.0
33,2016-01-30-70,1.0
34,2016-01-30-70,1.0
35,2016-01-30-70,1.08686646256
36,2016-01-30-70,1.0
37,2016-01-30-70,67.0431838246
38,2016-01-30-70,1.58752571473
39,2016-01-30-70,1.0
40,2016-01-30-70,1.66548512146
41,2016-01-30-70,1.11585647146
42,2016-01-30-70,10.071054141
43,2016-01-30-70,1.0
44,2016-01-30-70,1.0
45,2016-01-30-70,1.0
46,2016-01-30-70,56.872198074
47,2016-01-30-70,2.86898000516
48,2016-01-30-70,5.40774564895
49,2016-01-30-70,1.0
50,2016-01-30-70,1.0
51,2016-01-30-70,9.13777097285
52,2016-01-30-70,1.0
53,2016-01-30-70,1.0
54,2016-01-30-70,1.0
55,2016-01-30-70,1.0
56,2016-01-30-70,1.00624716158
57,2016-01-30-70,1.0
58,2016-01-30-70,1.0
59,2016-01-30-70,1.0
60,2016-01-30-70,1.0
61,2016-01-30-70,1.0
62,2016-01-30-70,1.0
63,2016-01-30-70,1.0
64,2016-01-30-70,1.0
65,2016-01-30-70,1.0
66,2016-01-30-70,1.0
1,2016-01-30-82,4.28573584991
2,2016-01-30-82,1.0
3,2016-01-30-82,1.0
4,2016-01-30-82,7.30434108148
5,2016-01-30-82,1.51233663199
6,2016-01-30-82,1.0
7,2016-01-30-82,34.0190426576
8,2016-01-30-82,92.5191844004
9,2016-01-30-82,1.55170169142
10,2016-01-30-82,1.00382673603
11,2016-01-30-82,1.66539809636
12,2016-01-30-82,1.98491515214
13,2016-01-30-82,1.0
14,2016-01-30-82,34.0190426576
15,2016-01-30-82,1.0
16,2016-01-30-82,2.43064266011
17,2016-01-30-82,1.0
18,2016-01-30-82,1.0
19,2016-01-30-82,1.0
20,2016-01-30-82,15.5975570223
21,2016-01-30-82,2.24115102928
22,2016-01-30-82,9.90551262548
23,2016-01-30-82,92.5191844004
24,2016-01-30-82,28.9102566156
25,2016-01-30-82,1.0
26,2016-01-30-82,12.5198204891
27,2016-01-30-82,8.41701571152
28,2016-01-30-82,7.53398782468
29,2016-01-30-82,5.83302852211
30,2016-01-30-82,1.0
31,2016-01-30-82,1.00508780013
32,2016-01-30-82,1.0
33,2016-01-30-82,1.0
34,2016-01-30-82,1.0
35,2016-01-30-82,1.17912759174
36,2016-01-30-82,1.0
37,2016-01-30-82,92.5191844004
38,2016-01-30-82,1.67776914485
39,2016-01-30-82,1.0
40,2016-01-30-82,1.36084476011
41,2016-01-30-82,1.0
42,2016-01-30-82,15.9638873898
43,2016-01-30-82,1.0
44,2016-01-30-82,1.0
45,2016-01-30-82,1.0
46,2016-01-30-82,53.2149757344
47,2016-01-30-82,2.28097379602
48,2016-01-30-82,27.2579367922
49,2016-01-30-82,1.0
50,2016-01-30-82,1.0
51,2016-01-30-82,50.2709621067
52,2016-01-30-82,1.0
53,2016-01-30-82,1.93604183157
54,2016-01-30-82,1.0
55,2016-01-30-82,1.0
56,2016-01-30-82,1.0
57,2016-01-30-82,1.0
58,2016-01-30-82,1.0
59,2016-01-30-82,1.0
60,2016-01-30-82,1.0
61,2016-01-30-82,1.0
62,2016-01-30-82,1.0
63,2016-01-30-82,1.0
64,2016-01-30-82,1.0
65,2016-01-30-82,1.0
66,2016-01-30-82,1.0
1,2016-01-30-94,3.15651515617
2,2016-01-30-94,1.0
3,2016-01-30-94,1.0
4,2016-01-30-94,5.0769085248
5,2016-01-30-94,1.0
6,2016-01-30-94,1.17273131692
7,2016-01-30-94,12.7269603214
8,2016-01-30-94,57.8666584207
9,2016-01-30-94,1.17670716619
10,2016-01-30-94,1.0
11,2016-01-30-94,1.0
12,2016-01-30-94,2.55095500723
13,2016-01-30-94,1.0
14,2016-01-30-94,9.85556078933
15,2016-01-30-94,1.0
16,2016-01-30-94,1.0
17,2016-01-30-94,1.0
18,2016-01-30-94,1.0
19,2016-01-30-94,1.17670716619
20,2016-01-30-94,2.52483728106
21,2016-01-30-94,1.172692816
22,2016-01-30-94,5.55550584746
23,2016-01-30-94,57.8666584207
24,2016-01-30-94,7.73477667666
25,2016-01-30-94,1.0
26,2016-01-30-94,6.49469280901
27,2016-01-30-94,5.61678834751
28,2016-01-30-94,4.80493668943
29,2016-01-30-94,1.0
30,2016-01-30-94,1.0
31,2016-01-30-94,1.0
32,2016-01-30-94,1.00175620035
33,2016-01-30-94,1.0
34,2016-01-30-94,1.0
35,2016-01-30-94,1.52057113639
36,2016-01-30-94,1.0
37,2016-01-30-94,16.5837941536
38,2016-01-30-94,1.0
39,2016-01-30-94,1.0
40,2016-01-30-94,1.0
41,2016-01-30-94,1.0
42,2016-01-30-94,2.53099108261
43,2016-01-30-94,1.0
44,2016-01-30-94,1.0
45,2016-01-30-94,1.0
46,2016-01-30-94,3.74308053576
47,2016-01-30-94,1.0
48,2016-01-30-94,57.8666584207
49,2016-01-30-94,1.0
50,2016-01-30-94,1.0
51,2016-01-30-94,91.6117046004
52,2016-01-30-94,1.0
53,2016-01-30-94,1.0
54,2016-01-30-94,1.0
55,2016-01-30-94,1.0
56,2016-01-30-94,1.0
57,2016-01-30-94,1.0
58,2016-01-30-94,1.0
59,2016-01-30-94,1.0
60,2016-01-30-94,1.0
61,2016-01-30-94,1.0
62,2016-01-30-94,1.0
63,2016-01-30-94,1.0
64,2016-01-30-94,1.0
65,2016-01-30-94,1.0
66,2016-01-30-94,1.0
1,2016-01-30-106,5.60660431772
2,2016-01-30-106,1.08503798704
3,2016-01-30-106,1.0
4,2016-01-30-106,3.43153210696
5,2016-01-30-106,1.0
6,2016-01-30-106,1.0
7,2016-01-30-106,25.3544479532
8,2016-01-30-106,15.2933568381
9,2016-01-30-106,1.52057113639
10,2016-01-30-106,1.0
11,2016-01-30-106,1.0
12,2016-01-30-106,4.43206687704
13,2016-01-30-106,1.0
14,2016-01-30-106,19.4190262624
15,2016-01-30-106,1.0
16,2016-01-30-106,1.0
17,2016-01-30-106,1.0
18,2016-01-30-106,1.0
19,2016-01-30-106,1.6168026897
20,2016-01-30-106,2.8859888862
21,2016-01-30-106,2.16686944922
22,2016-01-30-106,10.9344282612
23,2016-01-30-106,19.5160790423
24,2016-01-30-106,3.02993294904
25,2016-01-30-106,1.01214754023
26,2016-01-30-106,2.52217095089
27,2016-01-30-106,6.18488603427
28,2016-01-30-106,8.80632733821
29,2016-01-30-106,1.0
30,2016-01-30-106,1.0
31,2016-01-30-106,2.52217095089
32,2016-01-30-106,1.0
33,2016-01-30-106,1.0
34,2016-01-30-106,1.0
35,2016-01-30-106,1.0
36,2016-01-30-106,1.0
37,2016-01-30-106,8.85421621307
38,2016-01-30-106,1.0
39,2016-01-30-106,1.0
40,2016-01-30-106,1.0
41,2016-01-30-106,1.0
42,2016-01-30-106,2.38737410267
43,2016-01-30-106,1.0
44,2016-01-30-106,1.0
45,2016-01-30-106,1.0
46,2016-01-30-106,3.05859919617
47,2016-01-30-106,1.0
48,2016-01-30-106,92.5191844004
49,2016-01-30-106,1.0
50,2016-01-30-106,1.0
51,2016-01-30-106,92.5191844004
52,2016-01-30-106,1.0
53,2016-01-30-106,1.0
54,2016-01-30-106,1.0
55,2016-01-30-106,1.0
56,2016-01-30-106,1.0
57,2016-01-30-106,1.0
58,2016-01-30-106,1.0
59,2016-01-30-106,1.0
60,2016-01-30-106,1.0
61,2016-01-30-106,1.0
62,2016-01-30-106,1.0
63,2016-01-30-106,1.0
64,2016-01-30-106,1.0
65,2016-01-30-106,1.0
66,2016-01-30-106,1.0
1,2016-01-30-118,4.84630617955
2,2016-01-30-118,1.00359218489
3,2016-01-30-118,1.0
4,2016-01-30-118,2.24115102928
5,2016-01-30-118,1.0
6,2016-01-30-118,1.0
7,2016-01-30-118,4.43206687704
8,2016-01-30-118,6.23492436603
9,2016-01-30-118,1.16056248132
10,2016-01-30-118,1.0
11,2016-01-30-118,1.00175620035
12,2016-01-30-118,3.448540988
13,2016-01-30-118,1.0
14,2016-01-30-118,2.19011801796
15,2016-01-30-118,1.0
16,2016-01-30-118,1.0
17,2016-01-30-118,1.0
18,2016-01-30-118,1.0
19,2016-01-30-118,1.57488879183
20,2016-01-30-118,2.40045245384
21,2016-01-30-118,1.36029654033
22,2016-01-30-118,8.9812862853
23,2016-01-30-118,6.34139148188
24,2016-01-30-118,2.99193238051
25,2016-01-30-118,1.00743324074
26,2016-01-30-118,1.36084476011
27,2016-01-30-118,5.75545694751
28,2016-01-30-118,4.43206687704
29,2016-01-30-118,1.00248404115
30,2016-01-30-118,1.0
31,2016-01-30-118,1.0
32,2016-01-30-118,1.0
33,2016-01-30-118,1.0
34,2016-01-30-118,1.0
35,2016-01-30-118,1.0
36,2016-01-30-118,1.0
37,2016-01-30-118,4.19999588372
38,2016-01-30-118,1.0
39,2016-01-30-118,1.0
40,2016-01-30-118,1.0
41,2016-01-30-118,1.0
42,2016-01-30-118,2.24115102928
43,2016-01-30-118,1.0
44,2016-01-30-118,1.0
45,2016-01-30-118,1.0
46,2016-01-30-118,2.8668720553
47,2016-01-30-118,1.0
48,2016-01-30-118,6.18488603427
49,2016-01-30-118,1.0
50,2016-01-30-118,1.0
51,2016-01-30-118,14.9270264707
52,2016-01-30-118,1.0
53,2016-01-30-118,1.0
54,2016-01-30-118,1.0
55,2016-01-30-118,1.0
56,2016-01-30-118,1.0
57,2016-01-30-118,1.0
58,2016-01-30-118,1.0
59,2016-01-30-118,1.0
60,2016-01-30-118,1.0
61,2016-01-30-118,1.0
62,2016-01-30-118,1.0
63,2016-01-30-118,1.0
64,2016-01-30-118,1.0
65,2016-01-30-118,1.0
66,2016-01-30-118,1.0
1,2016-01-30-130,5.31308451812
2,2016-01-30-130,1.0
3,2016-01-30-130,1.0
4,2016-01-30-130,3.74308053576
5,2016-01-30-130,1.0
6,2016-01-30-130,1.0
7,2016-01-30-130,25.4792320216
8,2016-01-30-130,19.5160790423
9,2016-01-30-130,1.00987725866
10,2016-01-30-130,1.0
11,2016-01-30-130,1.0
12,2016-01-30-130,4.22827724025
13,2016-01-30-130,1.0
14,2016-01-30-130,5.71771406285
15,2016-01-30-130,1.0
16,2016-01-30-130,1.0
17,2016-01-30-130,1.0
18,2016-01-30-130,1.0
19,2016-01-30-130,1.00792837601
20,2016-01-30-130,2.23912796806
21,2016-01-30-130,1.19631015619
22,2016-01-30-130,9.90551262548
23,2016-01-30-130,19.5160790423
24,2016-01-30-130,2.21916404344
25,2016-01-30-130,1.0
26,2016-01-30-130,2.21944464134
27,2016-01-30-130,6.23492436603
28,2016-01-30-130,10.2234301156
29,2016-01-30-130,1.35902313171
30,2016-01-30-130,1.0
31,2016-01-30-130,1.0
32,2016-01-30-130,1.0
33,2016-01-30-130,1.0
34,2016-01-30-130,1.0
35,2016-01-30-130,1.0
36,2016-01-30-130,1.0
37,2016-01-30-130,4.3987844662
38,2016-01-30-130,1.0
39,2016-01-30-130,1.00624716158
40,2016-01-30-130,1.0
41,2016-01-30-130,1.0
42,2016-01-30-130,2.24115102928
43,2016-01-30-130,1.0
44,2016-01-30-130,1.0
45,2016-01-30-130,1.0
46,2016-01-30-130,3.91592866681
47,2016-01-30-130,1.0
48,2016-01-30-130,53.2149757344
49,2016-01-30-130,1.0
50,2016-01-30-130,1.0
51,2016-01-30-130,92.5191844004
52,2016-01-30-130,1.0
53,2016-01-30-130,1.0
54,2016-01-30-130,1.0
55,2016-01-30-130,1.0
56,2016-01-30-130,1.0
57,2016-01-30-130,1.0
58,2016-01-30-130,1.0
59,2016-01-30-130,1.0
60,2016-01-30-130,1.20427095137
61,2016-01-30-130,1.0
62,2016-01-30-130,1.0
63,2016-01-30-130,1.0
64,2016-01-30-130,1.0
65,2016-01-30-130,1.0
66,2016-01-30-130,1.0
1,2016-01-30-142,6.49469280901
2,2016-01-30-142,1.0
3,2016-01-30-142,1.0
4,2016-01-30-142,1.20196596993
5,2016-01-30-142,1.0
6,2016-01-30-142,1.00391303582
7,2016-01-30-142,2.79234100493
8,2016-01-30-142,6.23492436603
9,2016-01-30-142,1.0
10,2016-01-30-142,1.0
11,2016-01-30-142,1.0
12,2016-01-30-142,4.27483216718
13,2016-01-30-142,1.0
14,2016-01-30-142,1.98306055675
15,2016-01-30-142,1.0
16,2016-01-30-142,1.0
17,2016-01-30-142,1.0
18,2016-01-30-142,1.0
19,2016-01-30-142,1.16056248132
20,2016-01-30-142,1.27052682447
21,2016-01-30-142,1.0
22,2016-01-30-142,9.89587832061
23,2016-01-30-142,12.1707281324
24,2016-01-30-142,1.40281833541
25,2016-01-30-142,1.16150290991
26,2016-01-30-142,1.0
27,2016-01-30-142,2.21916404344
28,2016-01-30-142,3.74308053576
29,2016-01-30-142,1.0
30,2016-01-30-142,1.0
31,2016-01-30-142,1.0
32,2016-01-30-142,1.0
33,2016-01-30-142,1.0
34,2016-01-30-142,1.0
35,2016-01-30-142,1.0
36,2016-01-30-142,1.0
37,2016-01-30-142,2.62993286369
38,2016-01-30-142,1.0
39,2016-01-30-142,1.7985167736
40,2016-01-30-142,1.0
41,2016-01-30-142,1.0
42,2016-01-30-142,1.00291805743
43,2016-01-30-142,1.0
44,2016-01-30-142,1.0
45,2016-01-30-142,1.0
46,2016-01-30-142,1.8497187395
47,2016-01-30-142,1.17273131692
48,2016-01-30-142,8.04996764648
49,2016-01-30-142,1.0
50,2016-01-30-142,1.0
51,2016-01-30-142,92.5191844004
52,2016-01-30-142,1.0
53,2016-01-30-142,1.0
54,2016-01-30-142,1.0
55,2016-01-30-142,1.0
56,2016-01-30-142,1.0
57,2016-01-30-142,1.0
58,2016-01-30-142,1.0
59,2016-01-30-142,1.0
60,2016-01-30-142,1.0
61,2016-01-30-142,1.0
62,2016-01-30-142,1.0
63,2016-01-30-142,1.0
64,2016-01-30-142,1.0
65,2016-01-30-142,1.0
66,2016-01-30-142,1.0
